fid,watershed_,segment,year,lat,long,lat_long,occurrence,area,frac_fores,frac_urban,frac_agri,temp,slopecount,slopesum,slopemean,elevationcount,elevationsum,elevationmean
1,1,1,2004,44.052,-96.157,44.052 -96.157,1,11102503.59,0.003602791,0.05342171,0.851075172,6.909551144,1379,1944.613364,1.410161975,1379,751188.4727,544.7342079
2,2,2,2004,43.859,-96.265,43.859 -96.265,1,7313728.466,0.006008947,0.060007233,0.909766734,7.203886986,902,1239.525352,1.374196621,902,471587.9048,522.8247281
3,3,3,2004,43.695,-96.286,43.695 -96.286,1,70375418.79,0.002592563,0.040445697,0.932196021,7.389336586,8692,13999.04434,1.610566537,8692,4391311.179,505.212975
4,4,4,2004,43.709,-96.133,43.709 -96.133,1,189633590.9,0.002903027,0.043228436,0.87955451,7.27695179,23432,36826.15783,1.571618207,23432,11880769.09,507.0317978
5,5,5,2004,43.728,-96.054,43.728 -96.054,1,146690435.5,0.003122615,0.044870634,0.871917248,7.222918987,18130,29783.93014,1.642798133,18130,9346128.306,515.5062496
6,6,6,2004,43.703,-95.995,43.703 -95.995,1,10221334.9,0,0.028128862,0.949826837,7.392909527,1260,1645.00457,1.305559182,1260,629780.5295,499.8258171
7,7,7,2004,43.659,-95.918,43.659 -95.918,1,253726427.6,0.002464697,0.046361249,0.895076692,7.380285263,31352,42827.25122,1.366013371,31352,15904014.24,507.2727175
8,8,8,2004,43.659,-95.905,43.659 -95.905,1,130142987.3,0.001858363,0.048661742,0.884331942,7.407139301,16089,20542.62986,1.276812099,16089,8156642.41,506.9701293
9,9,9,2004,43.607,-96.143,43.607 -96.143,1,140986142.5,0.002106111,0.047009137,0.923301756,7.563760281,17436,21082.48521,1.209135422,17436,8170787.172,468.6159195
10,10,10,2004,43.529,-96.034,43.529 -96.034,1,55518797.81,0.002918402,0.035929155,0.935981095,7.737663746,6876,9245.308696,1.344576599,6876,3185424.193,463.2670438
11,11,11,2004,44.309,-96.382,44.309 -96.382,0,10420916.04,0.001874104,0.043337282,0.903598249,6.594334126,1293,1727.870687,1.336326904,1293,765234.7778,591.8289078
12,12,12,2004,44.253,-96.414,44.253 -96.414,1,41237057.6,0.002057943,0.037446968,0.711197495,6.657693386,5102,9881.980512,1.936883675,5102,2952091.082,578.6144809
13,13,13,2004,44.179,-96.335,44.179 -96.335,1,13591433.64,0.00054326,0.057169247,0.73864013,6.802933693,1691,2813.412139,1.663756439,1691,926181.3849,547.7122324
14,14,14,2004,44.133,-96.424,44.133 -96.424,1,61647228.81,0.001765347,0.042137533,0.853697062,6.858216286,7608,9485.913669,1.246834078,7608,4055240.134,533.0231512
15,15,15,2004,44.095,-96.257,44.095 -96.257,1,57293299.14,0.002200079,0.036796253,0.813313901,6.820995808,7075,9053.322878,1.279621608,7075,3933327.251,555.9473147
16,16,16,2004,44.024,-96.368,44.024 -96.368,1,81236565.57,0.0045752,0.090466924,0.852876604,7.002435684,10059,10675.2915,1.06126767,10059,5330898.488,529.9630668
17,17,17,2004,43.849,-96.145,43.849 -96.145,1,93026773.59,0.003920963,0.050158158,0.904825866,7.205518246,11485,16222.37681,1.412483832,11485,5888192.994,512.6855023
18,18,18,2004,43.827,-96.134,43.827 -96.134,1,610196905.4,0.003678964,0.0508404,0.813909411,7.069695473,75362,119138.539,1.580883456,75362,39473357.09,523.7833004
19,19,19,2004,43.62,-96.432,43.62 -96.432,0,35021318.7,0.002337173,0.04350961,0.929677784,7.669161797,4340,7962.218292,1.83461251,4340,2010631.905,463.2792409
20,20,20,2004,43.613,-95.747,43.613 -95.747,1,21107583.25,0.003350885,0.059275959,0.897045612,7.445383072,2606,3056.247628,1.172773457,2606,1325550.75,508.6533959
21,21,21,2005,44.16,-96.396,44.16 -96.396,0,40699160.28,0.001526857,0.047504872,0.855665505,6.828867912,5011,6169.447487,1.231180899,5011,2697239.523,538.2637245
22,22,22,2005,44.061,-96.368,44.061 -96.368,1,142446220.7,0.001792343,0.038572647,0.876891375,6.894791603,17593,20402.89886,1.159716868,17593,9467766.441,538.1553141
23,23,23,2005,44.05,-96.388,44.05 -96.388,1,149685977.6,0.001705654,0.037437033,0.881175041,6.901389122,18494,21310.77017,1.152307244,18494,9928115.705,536.8290097
24,24,24,2005,44.023,-96.329,44.023 -96.329,1,65197664.41,0.0050872,0.106350146,0.845435381,6.996506214,8078,7957.509307,0.985084094,8078,4308414.888,533.3516821
25,25,25,2005,44.06,-96.172,44.06 -96.172,0,28681892.06,0.001480023,0.060120758,0.472572774,6.880418777,3545,7400.839793,2.087684004,3545,1947270.05,549.3004373
26,26,26,2005,44.037,-96.116,44.037 -96.116,1,27284432.77,0.001099528,0.036068093,0.716825724,6.863504887,3386,5816.31524,1.717754058,3386,1890358.979,558.2867629
27,27,27,2005,44.015,-96.15,44.015 -96.15,1,56822420.66,0.000879934,0.043338466,0.789721966,6.900028706,7043,11336.37618,1.609594801,7043,3881096.44,551.0572824
28,28,28,2005,43.991,-96.163,43.991 -96.163,1,62917715.22,0.000953626,0.042788044,0.79653883,6.911459446,7796,12510.53227,1.604737336,7796,4273258.138,548.1347022
29,29,29,2005,43.835,-96.416,43.835 -96.416,1,160198274.4,0.004247361,0.054027844,0.892813921,7.194700718,19796,27081.55172,1.368031507,19796,10166084.6,513.5423622
30,30,30,2005,43.851,-96.158,43.851 -96.158,1,91147028.86,0.004001827,0.050032567,0.905584157,7.202737808,11255,15878.01703,1.410752291,11255,5779058.076,513.4658442
31,31,31,2005,43.807,-95.973,43.807 -95.973,0,99109569.9,0.002885315,0.04224309,0.862724721,7.168075085,12244,20645.55724,1.686177494,12244,6432664.642,525.3728064
32,32,32,2005,43.787,-96.03,43.787 -96.03,1,123726187.4,0.003217248,0.043086596,0.871440709,7.190676689,15291,25621.94418,1.675622535,15291,7970265.821,521.2390178
33,33,33,2005,43.703,-96.159,43.703 -96.159,0,43968549.96,0.005816313,0.040783059,0.91229701,7.393638611,5444,8823.923759,1.620853005,5444,2702850.845,496.4825211
34,34,34,2005,43.688,-96.02,43.688 -96.02,1,14929856.4,0.000974323,0.028085291,0.934077084,7.430300713,1843,2287.352966,1.241103075,1843,906802.1403,492.0250354
35,35,35,2005,43.659,-95.918,43.659 -95.918,1,253726427.6,0.002464697,0.046361249,0.895076692,7.380285263,31352,42827.25122,1.366013371,31352,15904014.24,507.2727175
36,36,36,2005,43.611,-96.014,43.611 -96.014,1,298347641.5,0.002768621,0.056831881,0.880504251,7.408957481,36861,51550.54026,1.398511713,36861,18512774.98,502.2320334
37,37,37,2005,43.573,-96.064,43.573 -96.064,1,366730918.7,0.00295955,0.057052143,0.882383525,7.455254078,45314,62892.54198,1.387927395,45314,22441366.18,495.2413421
38,38,38,2005,43.621,-96.113,43.621 -96.113,1,128504147.9,0.002155046,0.046079058,0.922709227,7.548805714,15888,19176.69314,1.206992267,15888,7474309.788,470.4374237
39,39,39,2005,43.601,-96.182,43.601 -96.182,1,163071032.5,0.00230546,0.047723461,0.923210561,7.583583355,20149,24678.30144,1.224790384,20149,9390078.287,466.0319761
40,40,40,2005,43.649,-96.315,43.649 -96.315,1,94714341.38,0.002515648,0.040886406,0.932027221,7.443827629,11700,19317.22256,1.651044663,11700,5803389.86,496.0162273
41,41,41,2006,44.269,-96.388,44.269 -96.388,0,35838898.82,0.001381972,0.038195461,0.719329894,6.644343376,4435,8458.020903,1.907107306,4435,2580538.997,581.8577219
42,42,42,2006,44.14,-96.421,44.14 -96.421,1,3907739.239,0.011947304,0.028692542,0.749299705,6.936439514,479,600.4841969,1.253620453,479,250774.3682,523.5373031
43,43,43,2006,44.082,-96.441,44.082 -96.441,0,238620470.6,0.004993016,0.044395737,0.747163355,6.859393597,29497,47082.04704,1.596163916,29497,15793007.07,535.4106205
44,44,44,2006,44.154,-96.292,44.154 -96.292,1,35447742.61,0.000765793,0.056113377,0.803156853,6.743133068,4375,6295.618096,1.438998422,4375,2482943.928,567.5300406
45,45,45,2006,44.148,-96.233,44.148 -96.233,1,15883819.9,0.001876366,0.027771823,0.77284956,6.772099495,1961,2842.93407,1.449736904,1961,1124065.696,573.2104521
46,46,46,2006,43.971,-96.444,43.971 -96.444,1,14971337.72,0.007400682,0.042998865,0.939509749,7.140757561,1847,2462.53528,1.333262198,1847,930061.2255,503.552369
47,47,47,2006,43.965,-96.159,43.965 -96.159,1,189542630.8,0.002240567,0.04860083,0.761045456,6.939867496,23433,35966.99807,1.534886616,23433,12642186.98,539.5035626
48,48,48,2006,43.873,-96.142,43.873 -96.142,1,315053026.1,0.002291801,0.05054063,0.811460257,7.005060196,38945,57523.38,1.477041469,38945,20617775.36,529.4075069
49,49,49,2006,43.79,-96.403,43.79 -96.403,1,55846313.83,0.005201444,0.031445917,0.931331992,7.311535835,6901,7977.700102,1.156020881,6901,3562281.351,516.1978483
50,50,50,2006,43.761,-96.297,43.761 -96.297,1,10695744.87,0.005410065,0.058017723,0.913841307,7.295314312,1311,1787.29286,1.363305004,1311,684416.5928,522.0568976
51,51,51,2006,43.749,-96.292,43.749 -96.292,1,18220407.87,0.003841846,0.04854843,0.928835809,7.321169853,2249,3334.05308,1.48246024,2249,1166222.267,518.5514748
52,52,52,2006,43.718,-96.077,43.718 -96.077,1,177109797.2,0.002981528,0.044078272,0.879069567,7.258289337,21875,34821.86516,1.591856693,21875,11160293.42,510.1848422
53,53,53,2006,43.718,-96.077,43.718 -96.077,1,177109797.2,0.002981528,0.044078272,0.879069567,7.258289337,21875,34821.86516,1.591856693,21875,11160293.42,510.1848422
54,54,54,2006,43.616,-96.372,43.616 -96.372,1,186608057.8,0.002617719,0.048272762,0.928296864,7.525598526,23046,37919.14787,1.645367867,23046,11131036.29,482.9921154
55,55,55,2006,43.558,-96.185,43.558 -96.185,1,1346657316,0.004678013,0.052507248,0.856566966,7.274799347,166359,251632.5813,1.512587725,166359,83242388.22,500.3780272
56,56,56,2006,43.544,-96.188,43.544 -96.188,1,38311057.68,0.002426045,0.048496421,0.94293642,7.819336414,4737,6472.504761,1.366372126,4737,2120633.323,447.6743346
57,57,57,2006,43.526,-96.06,43.526 -96.06,1,377510216.3,0.002971652,0.057072982,0.881929636,7.46542263,46641,64502.40943,1.382955113,46641,23023531.85,493.6328948
58,58,58,2006,43.516,-96.071,43.516 -96.071,1,13897382.44,0.00071956,0.045418866,0.948022068,7.802260876,1721,2167.746072,1.259585167,1721,769798.1833,447.2970269
59,59,59,2006,43.663,-95.774,43.663 -95.774,1,65054003.27,0.001411948,0.051249258,0.888251901,7.350746632,8067,9456.253762,1.172214424,8067,4146963.914,514.0651933
60,60,60,2006,43.513,-95.851,43.513 -95.851,1,210154788.9,0.002908265,0.047982123,0.908249915,7.558442116,25967,33030.20957,1.272007146,25967,12846220.33,494.7133025
61,61,61,2007,44.212,-96.319,44.212 -96.319,0,16163306.81,0.050623301,0.040253285,0.222152814,6.752063274,1985,6642.086557,3.346139324,1985,1107423.818,557.89613
62,62,62,2007,44.2,-96.324,44.2 -96.324,0,24155400.21,0.034287985,0.043719269,0.337982416,6.758400917,2978,8665.771874,2.909930112,2978,1655786.435,556.0061903
63,63,63,2007,44.14,-96.383,44.14 -96.383,0,114446458.1,0.008333727,0.052061152,0.635229468,6.80106163,14150,25615.68364,1.810295664,14150,7746444.44,547.4519039
64,64,64,2007,44.14,-96.389,44.14 -96.389,0,1043369.424,0,0.087209776,0.656045794,6.950000286,129,166.5353889,1.290972007,129,66869.16943,518.3656545
65,65,65,2007,44.097,-96.259,44.097 -96.259,1,57064681.46,0.002208893,0.036585417,0.813410342,6.820478916,7049,9030.988491,1.281173002,7049,3919607.569,556.0515773
66,66,66,2007,44.022,-96.337,44.022 -96.337,1,71216205.7,0.004657276,0.100936398,0.847613215,6.996684551,8809,8950.81499,1.016098875,8809,4693975.679,532.8613553
67,67,67,2007,44.024,-96.368,44.024 -96.368,1,81236565.57,0.0045752,0.090466924,0.852876604,7.002435684,10059,10675.2915,1.06126767,10059,5330898.488,529.9630668
68,68,68,2007,43.987,-96.429,43.987 -96.429,1,283477152.4,0.002608429,0.059739076,0.865757465,6.965999126,35028,39352.42936,1.123456359,35028,18514640.66,528.5668795
69,69,69,2007,43.943,-96.151,43.943 -96.151,1,196324035.1,0.002163173,0.048469063,0.765496433,6.946026802,24259,37064.29719,1.527857586,24259,13058994.38,538.315445
70,70,70,2007,43.886,-96.095,43.886 -96.095,1,165088335.2,0.006529655,0.043940134,0.765601218,7.082017422,20370,37713.83034,1.851439879,20370,10720112.14,526.2696192
71,71,71,2007,43.909,-96.245,43.909 -96.245,0,4610111.518,0,0.04086332,0.949986458,7.077653408,565,647.498606,1.146015232,565,300556.5689,531.958529
72,72,72,2007,43.859,-96.257,43.859 -96.257,1,15307150.09,0.004830933,0.065034956,0.895635486,7.193243027,1888,2784.093846,1.474625978,1888,983543.4393,520.9446183
73,73,73,2007,43.834,-96.416,43.834 -96.416,1,160297567.4,0.00424473,0.053994376,0.892843246,7.194820881,19807,27108.79445,1.368647168,19807,10171206.94,513.5157741
74,74,74,2007,43.834,-96.416,43.834 -96.416,1,160297567.4,0.00424473,0.053994376,0.892843246,7.194820881,19807,27108.79445,1.368647168,19807,10171206.94,513.5157741
75,75,75,2007,43.703,-96.296,43.703 -96.296,1,61855748.2,0.002614353,0.042723354,0.928559422,7.372165203,7637,12260.04449,1.605348238,7637,3880357.917,508.0997666
76,76,76,2007,43.65,-96.197,43.65 -96.197,1,1102936955,0.004349108,0.050384481,0.847109795,7.196124077,136239,211628.7245,1.553363754,136239,69383167.17,509.2753703
77,77,77,2007,43.738,-95.918,43.738 -95.918,0,44400601.86,0.002556402,0.044615671,0.903512597,7.272933483,5484,7644.412671,1.393948335,5484,2850881.096,519.8543209
78,78,78,2007,43.625,-95.986,43.625 -95.986,1,288757323.4,0.002754419,0.05702287,0.881275415,7.401409626,35682,49879.03753,1.397876731,35682,17969329.61,503.5964804
79,79,79,2007,43.616,-95.998,43.616 -95.998,0,293552622.3,0.002779779,0.056766499,0.881413043,7.405220509,36269,50755.21638,1.399410416,36269,18241537.93,502.9512235
80,80,80,2007,43.543,-96.062,43.543 -96.062,1,375190357.9,0.002946128,0.057068206,0.882122636,7.463048458,46361,64133.40593,1.383348201,46361,22902258.13,493.9983635
81,81,81,2008,44.155,-96.368,44.155 -96.368,1,110372063.7,0.008575056,0.051961854,0.632981122,6.795566559,13643,24804.02798,1.818077254,13643,7487622.675,548.8252346
82,82,82,2008,44.099,-96.429,44.099 -96.429,0,215629223.4,0.005204876,0.045590926,0.7312572,6.845763683,26653,42555.00424,1.596630932,26653,14331629.58,537.7116865
83,83,83,2008,44.023,-96.368,44.023 -96.368,1,1423076.847,0,0.015664766,0.949180603,7.066858768,176,216.7745719,1.231673704,176,88411.88104,502.3402332
84,84,83,2013,44.023,-96.368,44.023 -96.368,0,1423076.847,0,0.015664766,0.949180603,7.066858768,176,216.7745719,1.231673704,176,88411.88104,502.3402332
85,85,84,2008,44.081,-96.308,44.081 -96.308,1,80498100.26,0.001690099,0.041756749,0.839612126,6.855878353,9948,12227.44729,1.229136237,9948,5457421.849,548.5948782
86,86,84,2013,44.081,-96.308,44.081 -96.308,0,80498100.26,0.001690099,0.041756749,0.839612126,6.855878353,9948,12227.44729,1.229136237,9948,5457421.849,548.5948782
87,87,85,2008,44.095,-96.257,44.095 -96.257,1,57293299.14,0.002200079,0.036796253,0.813313901,6.820995808,7075,9053.322878,1.279621608,7075,3933327.251,555.9473147
88,88,85,2013,44.095,-96.257,44.095 -96.257,0,57293299.14,0.002200079,0.036796253,0.813313901,6.820995808,7075,9053.322878,1.279621608,7075,3933327.251,555.9473147
89,89,86,2008,43.892,-96.368,43.892 -96.368,1,86551062.73,0.004254569,0.057726882,0.886867523,7.130868435,10692,13844.50858,1.294847417,10692,5555854.82,519.6272746
90,90,86,2013,43.892,-96.368,43.892 -96.368,1,86551062.73,0.004254569,0.057726882,0.886867523,7.130868435,10692,13844.50858,1.294847417,10692,5555854.82,519.6272746
91,91,87,2008,43.866,-96.205,43.866 -96.205,1,64761009.91,0.003747535,0.051700059,0.905522823,7.196884632,7998,11056.28209,1.382380856,7998,4147111.333,518.5185463
92,92,87,2013,43.866,-96.205,43.866 -96.205,1,64761009.91,0.003747535,0.051700059,0.905522823,7.196884632,7998,11056.28209,1.382380856,7998,4147111.333,518.5185463
93,93,88,2008,43.878,-96.15,43.878 -96.15,1,309918586.2,0.00232977,0.050270706,0.810076773,7.001178741,38309,56564.19276,1.47652491,38309,20306170.16,530.0626526
94,94,88,2013,43.878,-96.15,43.878 -96.15,0,309918586.2,0.00232977,0.050270706,0.810076773,7.001178741,38309,56564.19276,1.47652491,38309,20306170.16,530.0626526
95,95,89,2008,43.602,-96.444,43.602 -96.444,0,40396251.29,0.002273747,0.051781565,0.923962831,7.691428661,5006,9007.865485,1.7994138,5006,2300101.34,459.4689053
96,96,90,2008,43.648,-96.402,43.648 -96.402,0,18454749.84,0.003351488,0.037937634,0.931242704,7.61638689,2286,4210.191528,1.841728577,2286,1079734.359,472.3247417
97,97,91,2008,43.689,-96.289,43.689 -96.289,1,71669184.44,0.002545762,0.041264266,0.931058466,7.392237186,8852,14279.60296,1.613149905,8852,4465918.971,504.5095991
98,98,91,2013,43.689,-96.289,43.689 -96.289,1,71669184.44,0.002545762,0.041264266,0.931058466,7.392237186,8852,14279.60296,1.613149905,8852,4465918.971,504.5095991
99,99,92,2008,43.672,-96.171,43.672 -96.171,0,1064278798,0.00382694,0.048208419,0.850396216,7.181419849,131487,203590.7238,1.548371503,131487,67206155.63,511.1239562
100,100,93,2008,43.628,-96.195,43.628 -96.195,1,1110102699,0.004626981,0.050523814,0.846725225,7.199332714,137132,213134.676,1.554230056,137132,69781794.82,508.8658725
101,101,94,2008,43.66,-96.093,43.66 -96.093,1,83702173.13,0.002418341,0.039245125,0.923247397,7.508236885,10358,12644.76483,1.220772816,10358,4941026.247,477.0251252
102,102,94,2013,43.66,-96.093,43.66 -96.093,1,83702173.13,0.002418341,0.039245125,0.923247397,7.508236885,10358,12644.76483,1.220772816,10358,4941026.247,477.0251252
103,103,95,2008,43.718,-96.086,43.718 -96.086,1,178981336.3,0.003034736,0.043923184,0.878986835,7.260965824,22111,35079.96,1.586538827,22111,11270319.08,509.7154847
104,104,95,2013,43.718,-96.086,43.718 -96.086,1,178981336.3,0.003034736,0.043923184,0.878986835,7.260965824,22111,35079.96,1.586538827,22111,11270319.08,509.7154847
105,105,96,2008,43.512,-96.092,43.512 -96.092,1,475359646.7,0.002894415,0.05445382,0.890371501,7.529016972,58762,79849.31949,1.358859799,58762,28532582.34,485.5617975
106,106,96,2013,43.512,-96.093,43.512 -96.093,0,475503141.6,0.002914572,0.054437391,0.890264094,7.529143333,58778,79875.28561,1.358931668,58778,28539423.36,485.5460097
107,107,97,2008,43.703,-95.914,43.703 -95.914,1,85592764.72,0.002728102,0.036184724,0.914775252,7.309527874,10569,15288.62825,1.446553907,10569,5432342.808,513.9883441
108,108,97,2013,43.703,-95.914,43.703 -95.914,0,85592764.72,0.002728102,0.036184724,0.914775252,7.309527874,10569,15288.62825,1.446553907,10569,5432342.808,513.9883441
109,109,98,2008,43.657,-95.904,43.657 -95.904,1,129806899.6,0.001863174,0.04853202,0.884646058,7.406769276,16050,20439.85292,1.273511086,16050,8138329.439,507.0610242
110,110,98,2013,43.659,-95.904,43.659 -95.904,0,130018511.1,0.001860142,0.04868288,0.884474397,7.407002449,16073,20499.87788,1.275423249,16073,8149151.815,507.008761
111,111,99,2008,43.558,-95.863,43.558 -95.863,1,71300260.16,0.002748409,0.055591226,0.922597647,7.544830799,8817,10207.70215,1.15772963,8817,4349514.048,493.3099749
112,112,99,2013,43.558,-95.863,43.558 -95.863,1,71300260.16,0.002748409,0.055591226,0.922597647,7.544830799,8817,10207.70215,1.15772963,8817,4349514.048,493.3099749
113,113,100,2008,43.543,-95.847,43.543 -95.847,1,85982366.83,0.002916679,0.051226523,0.927978754,7.562396049,10621,12209.99674,1.149608957,10621,5219299.431,491.4131843
114,114,101,2009,44.248,-96.442,44.248 -96.442,1,74076008.46,0.004194677,0.034636091,0.777423501,6.666100025,9158,16234.77123,1.772741999,9158,5264857.824,574.8916602
115,115,101,2013,44.248,-96.442,44.248 -96.442,1,74076008.46,0.004194677,0.034636091,0.777423501,6.666100025,9158,16234.77123,1.772741999,9158,5264857.824,574.8916602
116,116,102,2009,44.252,-96.409,44.252 -96.409,1,40620826.72,0.002089165,0.038015097,0.708678842,6.656292439,5029,9746.416592,1.938042671,5029,2911754.349,578.992712
117,117,103,2009,44.152,-96.415,44.152 -96.415,0,54380730.57,0.001142717,0.042549912,0.861254394,6.846926212,6712,8125.882769,1.210649995,6712,3590685.027,534.9649921
118,118,104,2009,44.071,-96.348,44.071 -96.348,1,100614078.9,0.001776373,0.039636068,0.858727217,6.876121044,12433,15187.08522,1.221514133,12433,6759981.605,543.7128292
119,119,104,2013,44.071,-96.348,44.071 -96.348,1,100614078.9,0.001776373,0.039636068,0.858727217,6.876121044,12433,15187.08522,1.221514133,12433,6759981.605,543.7128292
120,120,105,2009,44.071,-96.348,44.071 -96.348,1,100614078.9,0.001776373,0.039636068,0.858727217,6.876121044,12433,15187.08522,1.221514133,12433,6759981.605,543.7128292
121,121,106,2009,43.952,-96.128,43.952 -96.128,0,21507575.81,0.000929905,0.070806168,0.879542112,7.009647369,2658,4016.71625,1.511179928,2658,1413314.964,531.7212054
122,122,107,2009,43.892,-96.371,43.892 -96.371,1,86923042.34,0.004236361,0.057587743,0.886484683,7.131378174,10736,13942.93726,1.298708761,10736,5577794.68,519.5412332
123,123,108,2009,43.878,-96.38,43.878 -96.38,1,92521717.13,0.004224797,0.054866519,0.889525294,7.138325691,11427,14960.94744,1.309262925,11427,5923143.109,518.3462946
124,124,108,2013,43.878,-96.38,43.878 -96.38,1,92521717.13,0.004224797,0.054866519,0.889525294,7.138325691,11427,14960.94744,1.309262925,11427,5923143.109,518.3462946
125,125,109,2009,43.834,-96.412,43.834 -96.412,1,160309978.9,0.004244401,0.053990196,0.892851591,7.194835186,19809,27112.47263,1.368694666,19809,10172120.46,513.5100442
126,126,109,2013,43.834,-96.412,43.834 -96.412,1,160309978.9,0.004244401,0.053990196,0.892851591,7.194835186,19809,27112.47263,1.368694666,19809,10172120.46,513.5100442
127,127,110,2009,43.66,-96.396,43.66 -96.396,0,14788987.31,0.002829867,0.030026302,0.945913851,7.602340698,1837,3334.624304,1.815255473,1837,873119.5079,475.2964115
128,128,111,2009,43.707,-96.289,43.707 -96.289,1,55564242.61,0.002200262,0.041974902,0.930508554,7.36273241,6861,10681.63243,1.556862327,6861,3495438.516,509.4648763
129,129,112,2009,43.707,-96.288,43.707 -96.288,1,54133998.67,0.002258394,0.042227563,0.930451095,7.358067989,6682,10434.67242,1.561609162,6682,3410408.081,510.3873213
130,130,112,2013,43.707,-96.288,43.707 -96.288,1,54133998.67,0.002258394,0.042227563,0.930451095,7.358067989,6682,10434.67242,1.561609162,6682,3410408.081,510.3873213
131,131,113,2009,43.74,-96.152,43.74 -96.152,1,51443404.34,0.00485971,0.03788247,0.934096277,7.369323254,6360,10796.5005,1.697562971,6360,3073514.695,483.2570274
132,132,113,2013,43.74,-96.152,43.74 -96.152,0,51443404.34,0.00485971,0.03788247,0.934096277,7.369323254,6360,10796.5005,1.697562971,6360,3073514.695,483.2570274
133,133,114,2009,43.762,-96.05,43.762 -96.05,0,134143617.5,0.003152806,0.044688638,0.871781707,7.203944206,16567,27706.81092,1.672409665,16567,8597490.016,518.9527384
134,134,115,2009,43.603,-96.173,43.603 -96.173,1,157976315.1,0.002253209,0.047783624,0.922752917,7.579777241,19524,23765.22995,1.21723161,19524,9110213.862,466.6161577
135,135,115,2013,43.603,-96.173,43.603 -96.173,1,157976315.1,0.002253209,0.047783624,0.922752917,7.579777241,19524,23765.22995,1.21723161,19524,9110213.862,466.6161577
136,136,116,2009,43.543,-96.061,43.543 -96.061,1,375190357.9,0.002946128,0.057068206,0.882122636,7.463048458,46361,64133.40593,1.383348201,46361,22902258.13,493.9983635
137,137,117,2009,43.654,-95.929,43.654 -95.929,1,257217764.2,0.002431242,0.046084855,0.894483507,7.382219315,31781,43443.14865,1.366953483,31781,16109184.54,506.8809837
138,138,118,2009,43.631,-95.867,43.631 -95.867,0,6906420.426,0.002895856,0.048032016,0.939143777,7.54484272,848,747.9931028,0.882067338,848,416642.9379,491.3242192
139,139,119,2009,43.572,-95.861,43.572 -95.861,1,52911697.67,0.003257437,0.059006609,0.916189134,7.529300213,6551,7743.288664,1.182001017,6551,3246246.845,495.5345513
140,140,119,2013,43.572,-95.861,43.572 -95.861,1,52911697.67,0.003257437,0.059006609,0.916189134,7.529300213,6551,7743.288664,1.182001017,6551,3246246.845,495.5345513
141,141,120,2009,43.543,-95.848,43.543 -95.848,1,85982366.83,0.002916679,0.051226523,0.927978754,7.562396049,10621,12209.99674,1.149608957,10621,5219299.431,491.4131843
142,142,120,2013,43.543,-95.848,43.543 -95.848,1,85982366.83,0.002916679,0.051226523,0.927978754,7.562396049,10621,12209.99674,1.149608957,10621,5219299.431,491.4131843
143,143,121,2010,44.125,-96.396,44.125 -96.396,0,131149219.2,0.007467422,0.050656475,0.651685953,6.818696976,16219,28520.29966,1.758449945,16219,8822084.213,543.9351509
144,144,122,2010,44.179,-96.254,44.179 -96.254,0,23967527.69,0.000834462,0.048359416,0.795697153,6.703372002,2970,4482.79319,1.509357977,2970,1715290.7,577.5389561
145,145,123,2010,43.936,-96.136,43.936 -96.136,1,239341634.8,0.00210863,0.050719172,0.786168814,6.963594913,29579,45099.15911,1.524701954,29579,15848247.16,535.7938796
146,146,123,2013,43.936,-96.136,43.936 -96.136,0,239341634.8,0.00210863,0.050719172,0.786168814,6.963594913,29579,45099.15911,1.524701954,29579,15848247.16,535.7938796
147,147,124,2010,43.9,-96.064,43.9 -96.064,0,147978496.3,0.006360478,0.045926996,0.769422114,7.074860573,18258,32634.25541,1.787394863,18258,9637853.99,527.8701933
148,148,125,2010,43.911,-96.034,43.911 -96.034,1,134251377.4,0.006542488,0.046817966,0.77695179,7.071907043,16558,29116.44319,1.758451697,16558,8760739.32,529.0940524
149,149,126,2010,43.808,-96.426,43.808 -96.426,1,175028136.9,0.004001756,0.053262435,0.892314494,7.210490227,21623,30410.18237,1.406381278,21623,11052277.48,511.1352485
150,150,127,2010,44.158,-96.396,44.158 -96.396,1,40742366.34,0.001525238,0.047480371,0.855369925,6.828996181,5016,6180.599196,1.232176873,5016,2699790.382,538.2357221
151,151,127,2013,43.936,-96.136,43.936 -96.136,1,239341634.8,0.00210863,0.050719172,0.786168814,6.963594913,29579,45099.15911,1.524701954,29579,15848247.16,535.7938796
152,152,128,2010,43.657,-96.312,43.657 -96.312,0,92025654.58,0.002589147,0.041367032,0.931080818,7.436901569,11371,18729.47649,1.647126593,11371,5652759.329,497.1206867
153,153,129,2010,43.719,-96.19,43.719 -96.19,0,36599382.92,0.004841255,0.046365172,0.92868793,7.373010635,4522,6949.008182,1.53671123,4522,2262277.786,500.2825709
154,154,130,2010,43.739,-96.148,43.739 -96.148,1,709368433.6,0.00353868,0.051341023,0.826510608,7.104281425,87620,136381.171,1.556507315,87620,45445361.37,518.6642475
155,155,131,2010,43.714,-96.172,43.714 -96.172,0,42227321.33,0.006056147,0.042105805,0.912811399,7.386914253,5226,8414.69622,1.610160011,5226,2604319.134,498.3389082
156,156,132,2010,43.707,-96.288,43.707 -96.288,0,54133998.67,0.002258394,0.042227563,0.930451095,7.358067989,6682,10434.67242,1.561609162,6682,3410408.081,510.3873213
157,157,133,2010,43.655,-96.191,43.655 -96.191,1,1082878806,0.004139232,0.048225097,0.850687504,7.188798904,133781,206791.0563,1.54574309,133781,68253807.96,510.1905948
158,158,134,2010,43.616,-96.197,43.616 -96.197,1,1132375459,0.004615452,0.053666819,0.844743252,7.208500862,139894,217701.7853,1.556191011,139894,71042765.38,507.8328261
159,159,135,2010,43.603,-96.173,43.603 -96.173,1,157976315.1,0.002253209,0.047783624,0.922752917,7.579777241,19524,23765.22995,1.21723161,19524,9110213.862,466.6161577
160,160,135,2013,43.603,-96.173,43.603 -96.173,1,157976315.1,0.002253209,0.047783624,0.922752917,7.579777241,19524,23765.22995,1.21723161,19524,9110213.862,466.6161577
161,161,136,2010,43.543,-96.061,43.543 -96.061,1,375190357.9,0.002946128,0.057068206,0.882122636,7.463048458,46361,64133.40593,1.383348201,46361,22902258.13,493.9983635
162,162,137,2010,43.574,-96.064,43.574 -96.064,1,363851709.7,0.00298297,0.057233412,0.882127047,7.452927113,44958,62424.07515,1.388497601,44958,22280638.24,495.5878429
163,163,138,2010,43.654,-95.929,43.654 -95.929,1,257217764.2,0.002431242,0.046084855,0.894483507,7.382219315,31781,43443.14865,1.366953483,31781,16109184.54,506.8809837
164,164,139,2010,43.659,-95.905,43.659 -95.905,1,130142987.3,0.001858363,0.048661742,0.884331942,7.407139301,16089,20542.62986,1.276812099,16089,8156642.41,506.9701293
165,165,140,2010,43.688,-95.906,43.688 -95.906,0,91545050.11,0.002703568,0.037470981,0.914113522,7.318424702,11312,16320.89311,1.442794653,11312,5796092.513,512.3844159
166,166,141,2012,44.258,-96.422,44.258 -96.422,1,25271456.2,0.006240315,0.024308749,0.885005951,6.655861378,3121,4795.767095,1.536612334,3121,1800470.368,576.8889357
167,167,142,2012,44.111,-96.423,44.111 -96.423,0,75560088.67,0.001892227,0.040298909,0.86164999,6.87647295,9333,12233.09576,1.310735643,9333,4950634.864,530.4441084
168,168,143,2012,44.154,-96.292,44.154 -96.292,0,35447742.61,0.000765793,0.056113377,0.803156853,6.743133068,4375,6295.618096,1.438998422,4375,2482943.928,567.5300406
169,169,144,2012,44.041,-96.4,44.041 -96.4,0,154651394.7,0.001676809,0.036866825,0.88146168,6.905901432,19095,21960.41676,1.150061103,19095,10231908.11,535.842268
170,170,145,2012,43.937,-96.444,43.937 -96.444,1,17484527.34,0.003890154,0.02785873,0.937919378,7.184997559,2168,2907.886859,1.341276226,2168,1094765.384,504.9655829
171,171,146,2012,43.873,-96.387,43.873 -96.387,0,93048857.29,0.004279875,0.054644756,0.889510751,7.139247417,11490,15143.16507,1.317943,11490,5953516.576,518.1476568
172,172,147,2012,43.731,-95.918,43.731 -95.918,0,45332999.76,0.002503822,0.044060685,0.903859317,7.274637699,5598,7831.0887,1.398908306,5598,2907061.199,519.3035369
173,173,148,2012,43.943,-96.14,43.943 -96.14,1,197278038.5,0.002152712,0.048255172,0.765150905,6.947010994,24375,37285.8725,1.529676821,24375,13116493.17,538.1125402
174,174,149,2012,43.858,-96.135,43.858 -96.135,1,317912318.3,0.002365554,0.053321339,0.809466302,7.007737637,39298,57958.52699,1.474846735,39298,20786233.68,528.9387164
175,175,150,2012,43.771,-96.439,43.771 -96.439,1,803218656.4,0.004332334,0.049439501,0.900628209,7.160136223,99249,120807.1568,1.217212837,99249,50543859.45,509.2631609
176,176,151,2012,43.718,-96.282,43.718 -96.282,1,52983666.58,0.002307426,0.043144368,0.932169914,7.35425806,6544,10106.32128,1.544364498,6544,3345243.22,511.1924236
177,177,152,2012,43.594,-96.433,43.594 -96.433,0,218493332.3,0.002661093,0.051451199,0.923679292,7.566301823,26986,45677.62963,1.692641726,26986,12887480.97,477.5617345
178,178,153,2012,43.631,-96.33,43.631 -96.33,0,158740291.6,0.002802989,0.045142416,0.931564331,7.495034218,19623,31689.77203,1.614930033,19623,9562309.511,487.3011013
179,179,154,2012,43.554,-96.181,43.554 -96.181,0,1346819409,0.004688141,0.05250093,0.856521606,7.274868488,166377,251670.9011,1.5126544,166377,83249981.98,500.3695341
180,180,155,2012,43.688,-96.025,43.688 -96.025,0,15869205.33,0.00091665,0.029513523,0.931941807,7.437385559,1962,2421.119888,1.234006059,1962,962572.5207,490.6078087
181,181,156,2012,43.703,-96.001,43.703 -96.001,1,10880583.08,0,0.026595509,0.944940388,7.396392345,1345,1753.235597,1.30352089,1345,670732.0494,498.6855386
182,182,157,2012,43.718,-95.911,43.718 -95.911,0,58821898.68,0.002605323,0.040370889,0.914849281,7.29177475,7274,10284.1839,1.413827866,7274,3752447.812,515.8712966
183,183,158,2012,43.597,-96.034,43.597 -96.034,0,303218620.5,0.002750831,0.056609847,0.879184246,7.413593769,37462,52371.85517,1.397999444,37462,18784132.17,501.4182951
184,184,159,2012,43.645,-95.952,43.645 -95.952,1,273411749.3,0.002639949,0.057158221,0.882718623,7.392138958,33776,46565.51273,1.378656819,33776,17065290.35,505.2490039
185,185,160,2012,43.558,-95.774,43.558 -95.774,0,81090222.22,0.003138713,0.047233231,0.892546952,7.499328136,10015,13298.37161,1.327845392,10015,5062429.206,505.4846935
186,186,161,2013,44.258,-96.427,44.258 -96.427,0,27859055.25,0.007748102,0.025014939,0.87119174,6.662674904,3446,5308.819952,1.540574565,3446,1981377.621,574.9789962
187,187,162,2013,44.188,-96.37,44.188 -96.37,0,10557347.57,0.000572021,0.070180982,0.827214718,6.802786827,1291,1739.757249,1.347604376,1291,703724.3998,545.1002322
188,188,163,2013,44.126,-96.396,44.126 -96.396,0,131124515.2,0.007468829,0.050666019,0.651643634,6.818658829,16216,28511.89936,1.758257237,16216,8820597.991,543.9441287
189,189,164,2013,44.08,-96.447,44.08 -96.447,0,239776276.4,0.004968948,0.044192873,0.747928023,6.860312462,29637,47354.36222,1.597812269,29637,15862699.84,535.2329803
190,190,165,2013,44.045,-96.393,44.045 -96.393,0,153055766.7,0.001668101,0.037098862,0.882260501,6.904399395,18904,21779.4831,1.152109771,18904,10136443.47,536.2062775
191,191,166,2013,44.013,-96.387,44.013 -96.387,0,91827133.11,0.004156435,0.083909363,0.864798367,7.011463642,11377,11955.60612,1.05085753,11377,5990603.37,526.5538692
192,192,167,2013,43.926,-96.35,43.926 -96.35,0,17320416.45,0.00251894,0.040379349,0.917668581,7.1414814,2132,2842.016508,1.333028381,2132,1112045.748,521.5974429
193,193,168,2013,43.878,-96.38,43.878 -96.38,1,92521717.13,0.004224797,0.054866519,0.889525294,7.138325691,11427,14960.94744,1.309262925,11427,5923143.109,518.3462946
194,194,169,2013,43.894,-96.166,43.894 -96.166,1,1407216.088,0.01233355,0.031602927,0.861142576,7.189333439,172,288.5978651,1.677894565,172,86402.88544,502.3423572
195,195,170,2013,43.921,-95.932,43.921 -95.932,0,43342832.22,0.004381449,0.048298147,0.884277344,7.125395298,5347,6877.52227,1.286239437,5347,2804887.557,524.5722006
196,196,171,2013,43.82,-96.13,43.82 -96.13,0,612437552.4,0.003665503,0.050777458,0.814260483,7.070720673,75653,119500.2809,1.579584166,75653,39610840.33,523.5858503
197,197,172,2013,43.775,-96.171,43.775 -96.171,0,37133577.18,0.005556475,0.024723208,0.940111816,7.334334373,4587,7795.595533,1.699497609,4587,2239707.838,488.2729099
198,198,173,2013,43.747,-96.201,43.747 -96.201,0,21108818.39,0.006024997,0.057743847,0.915186226,7.323707104,2612,3835.382844,1.468370155,2612,1328649.801,508.6714398
199,199,174,2013,43.733,-96.133,43.733 -96.133,1,47247903.67,0.004072642,0.045590013,0.939264297,7.370553493,5837,6909.212114,1.183692327,5837,2837426.224,486.110369
200,200,175,2013,43.71,-96.112,43.71 -96.112,1,186033190.8,0.002946022,0.04345151,0.879569054,7.27166748,22985,36231.66943,1.576318009,22985,11674982.43,507.9391966
201,201,176,2013,43.573,-96.064,43.573 -96.064,0,2692229.772,0,0.024038192,0.938005328,7.749248505,331,399.4222476,1.206713739,331,149857.222,452.740852
202,202,177,2013,43.526,-96.187,43.526 -96.187,0,1422222404,0.004615122,0.052117649,0.860497117,7.303349018,175707,264170.9829,1.503474437,175707,87410965.99,497.4814093
203,203,178,2013,43.514,-96.059,43.514 -96.059,0,452640175.3,0.003017602,0.055436224,0.88780123,7.513745785,55944,76367.47047,1.3650699,55944,27284946.14,487.7188999
204,204,179,2013,43.659,-95.905,43.659 -95.905,0,130142987.3,0.001858363,0.048661742,0.884331942,7.407139301,16089,20542.62986,1.276812099,16089,8156642.41,506.9701293
205,205,180,2013,43.528,-95.846,43.528 -95.846,1,95503246.79,0.002730619,0.050481565,0.927983999,7.572468758,11804,13820.04382,1.170793275,11804,5784713.283,490.0638159
206,206,181,2014,44.313,-96.386,44.313 -96.386,1,7213402.02,0.001386906,0.039156936,0.921553135,6.578543186,901,1108.447001,1.230240845,901,534761.1936,593.5196377
207,207,182,2014,44.183,-96.382,44.183 -96.382,0,20756705.12,0.000977177,0.059606645,0.847108781,6.806344032,2556,3409.617678,1.333966228,2556,1389780.37,543.7325391
208,208,183,2014,44.094,-96.175,44.094 -96.175,0,15332122.03,0.000495802,0.040294051,0.345666111,6.844229698,1906,4339.682548,2.276853383,1906,1061580.153,556.9675516
209,209,184,2014,43.994,-96.412,43.994 -96.412,1,281428247.2,0.002618735,0.060027841,0.86534965,6.964659214,34776,38975.49518,1.120758431,34776,18390516.05,528.8278136
210,210,185,2014,43.925,-96.347,43.925 -96.347,0,17146913.18,0.002544429,0.040350504,0.917622149,7.141395569,2109,2804.968759,1.329999412,2109,1100457.287,521.7910325
211,211,186,2014,43.909,-96.245,43.909 -96.245,0,4610111.518,0,0.04086332,0.949986458,7.077653408,565,647.498606,1.146015232,565,300556.5689,531.958529
212,212,187,2014,43.946,-96.143,43.946 -96.143,0,27420798.53,0.000729373,0.068137825,0.878911972,7.022667885,3392,5016.484418,1.478916397,3392,1789653.97,527.6102506
213,213,188,2014,43.866,-96.205,43.866 -96.205,1,64761009.91,0.003747535,0.051700059,0.905522823,7.196884632,7998,11056.28209,1.382380856,7998,4147111.333,518.5185463
214,214,189,2014,43.866,-96.205,43.866 -96.205,1,64761009.91,0.003747535,0.051700059,0.905522823,7.196884632,7998,11056.28209,1.382380856,7998,4147111.333,518.5185463
215,215,190,2014,43.865,-96.173,43.865 -96.173,1,84361396.31,0.004323714,0.049842756,0.905419886,7.197813511,10410,14580.99487,1.400671937,10410,5365737.161,515.4406495
216,216,191,2014,43.834,-96.412,43.834 -96.412,1,160309978.9,0.004244401,0.053990196,0.892851591,7.194835186,19809,27112.47263,1.368694666,19809,10172120.46,513.5100442
217,217,192,2014,43.715,-96.285,43.715 -96.285,1,53418912.88,0.002288625,0.042792838,0.932587743,7.355791092,6596,10207.4846,1.54752647,6596,3369883.332,510.8980188
218,218,193,2014,43.718,-96.282,43.718 -96.282,1,52983666.58,0.002307426,0.043144368,0.932169914,7.35425806,6544,10106.32128,1.544364498,6544,3345243.22,511.1924236
219,219,194,2014,43.824,-96.134,43.824 -96.134,1,611227195.6,0.003672762,0.050780181,0.814098835,7.070167542,75498,119318.8203,1.580423591,75498,39537565.19,523.6902327
220,220,195,2014,43.791,-96.009,43.791 -96.009,0,120323054.6,0.003308242,0.041825779,0.871394455,7.187060833,14869,24808.17668,1.668449572,14869,7760664.461,521.9358706
221,221,196,2014,43.674,-96.168,43.674 -96.168,0,1064173016,0.003770178,0.048208553,0.850453615,7.181373596,131471,203556.274,1.548297906,131471,67199132.4,511.1327395
222,222,197,2014,43.669,-96.172,43.669 -96.172,0,1064558813,0.003926071,0.048205134,0.850247741,7.18154335,131523,203655.759,1.548442166,131523,67221980.94,511.1043768
223,223,198,2014,43.641,-96.112,43.641 -96.112,0,97971575.92,0.002443084,0.039694313,0.923967481,7.522250652,12130,14828.93433,1.222500769,12130,5755128.862,474.4541518
224,224,199,2014,43.781,-96.033,43.781 -96.033,0,125080159.4,0.003265771,0.043445416,0.870266497,7.192517281,15458,25976.84539,1.680479065,15458,8051730.276,520.8778805
225,225,200,2014,43.546,-95.811,43.546 -95.811,0,93121582.37,0.003142351,0.045107581,0.889965355,7.513079166,11497,15576.44812,1.354827183,11497,5789928.82,503.6034461
226,226,201,2015,44.184,-96.304,44.184 -96.304,0,6680602.772,0,0.073504977,0.802885294,6.774605751,833,1381.672105,1.658669994,833,464383.9244,557.4837028
227,227,202,2015,44.154,-96.277,44.154 -96.277,1,31219162.3,0.000869518,0.052916609,0.804184437,6.728658676,3856,5708.783112,1.480493546,3856,2203296.028,571.3941982
228,228,203,2015,44.073,-96.339,44.073 -96.339,0,98320578.61,0.001743273,0.03977406,0.857264996,6.873194218,12151,14910.38159,1.227090905,12151,6615206.547,544.4166363
229,229,204,2015,44.02,-96.348,44.02 -96.348,1,76393395.65,0.004341652,0.095519647,0.84792459,6.999140739,9462,9939.400996,1.050454555,9462,5029719.059,531.5703931
230,230,205,2015,44.046,-96.164,44.046 -96.164,1,43141857.5,0.002583988,0.05583638,0.582844019,6.893370152,5342,10149.46785,1.899937823,5342,2918886.222,546.4032613
231,231,206,2015,44.043,-96.129,44.043 -96.129,1,46807814.14,0.000854558,0.048183989,0.777816594,6.885885715,5805,9418.5177,1.622483669,5805,3224471.319,555.4644821
232,232,207,2015,43.909,-96.374,43.909 -96.374,1,65249778.1,0.00299304,0.064755343,0.894604743,7.114375591,8058,9587.853386,1.189855223,8058,4195291.554,520.6368272
233,233,208,2015,43.823,-96.416,43.823 -96.416,1,162866959.5,0.004177765,0.053689923,0.89284277,7.197712421,20131,27740.51586,1.377999894,20131,10326012.79,512.9408765
234,234,209,2015,43.846,-96.404,43.846 -96.404,1,154893164.8,0.004328273,0.053895675,0.893620849,7.189168453,19139,25951.62133,1.355954926,19139,9849320.631,514.6204415
235,235,210,2015,43.849,-96.339,43.849 -96.339,0,15316491.23,0.006989706,0.029132226,0.934453785,7.22193861,1901,2240.5874,1.178636191,1901,995974.2786,523.9212407
236,236,211,2015,43.864,-96.23,43.864 -96.23,1,59289908.95,0.004093347,0.052343704,0.907833219,7.191998482,7322,9887.505816,1.350383203,7322,3808362.143,520.1259414
237,237,212,2015,44.142,-96.382,44.142 -96.382,0,114415587,0.008335975,0.052075196,0.635131061,6.801021576,14145,25606.01776,1.810252228,14145,7743979.547,547.4711592
238,238,213,2015,43.807,-95.969,43.807 -95.969,0,98923307.15,0.002890748,0.042322628,0.862466276,7.167860508,12218,20577.29484,1.684178657,12218,6419962.292,525.4511615
239,239,214,2015,43.719,-96.282,43.719 -96.282,1,52983666.58,0.002307426,0.043144368,0.932169914,7.35425806,6544,10106.32128,1.544364498,6544,3345243.22,511.1924236
240,240,215,2015,43.719,-96.282,43.719 -96.282,0,52983666.58,0.002307426,0.043144368,0.932169914,7.35425806,6544,10106.32128,1.544364498,6544,3345243.22,511.1924236
241,241,216,2015,43.672,-95.831,43.672 -95.831,1,94964778.8,0.001809649,0.047942311,0.87585479,7.36806488,11755,14561.52649,1.238751722,11755,6032191.246,513.1596126
242,242,217,2015,43.766,-96.049,43.766 -96.049,0,135274375.7,0.003200375,0.044763833,0.870774269,7.205741882,16716,27886.83535,1.668272036,16716,8668784.167,518.5920177
243,243,218,2015,43.646,-96.199,43.646 -96.199,1,1103167278,0.004377533,0.050375663,0.846998215,7.196237564,136267,211690.2743,1.553496256,136267,69395339.05,509.2600487
244,244,219,2015,43.645,-95.96,43.645 -95.96,1,274619378.4,0.00262834,0.057379667,0.88237536,7.392834663,33933,46850.94892,1.380689857,33933,17138653.77,505.0733436
245,245,220,2015,43.538,-95.839,43.538 -95.839,1,87198304.66,0.002876008,0.050902676,0.927570403,7.564016342,10777,12454.5937,1.155664257,10777,5292742.729,491.1146635
246,246,221,2016,43.689,-95.906,43.689 -95.906,0,91526388.1,0.002704119,0.03740548,0.914181054,7.318397999,11311,16318.94508,1.442749985,11311,5795625.072,512.3883893
247,247,222,2016,43.946,-96.143,43.946 -96.143,1,27420798.53,0.000729373,0.068137825,0.878911972,7.022667885,3392,5016.484418,1.478916397,3392,1789653.97,527.6102506
248,248,223,2016,43.784,-96.031,43.784 -96.031,1,124788239.3,0.003203741,0.043386776,0.871265829,7.19204092,15421,25876.22929,1.677986466,15421,8033907.18,520.9718682
249,249,224,2016,43.761,-96.255,43.761 -96.255,1,14011081.42,0.002302169,0.056468561,0.919559538,7.302392483,1743,2354.046766,1.350571868,1743,902124.3282,517.5698957
250,250,225,2016,43.638,-96.115,43.638 -96.115,1,101121729.1,0.002366977,0.041931421,0.922578394,7.526229858,12517,15293.38796,1.221809376,12517,5930503.75,473.7959375
251,251,226,2016,43.832,-96.415,43.832 -96.415,1,161302930.1,0.004218273,0.053781833,0.892648935,7.195877075,19937,27358.10677,1.372227856,19937,10233455.39,513.2896321
252,252,227,2016,43.965,-96.159,43.965 -96.159,1,189542630.8,0.002240567,0.04860083,0.761045456,6.939867496,23433,35966.99807,1.534886616,23433,12642186.98,539.5035626
253,253,228,2016,43.645,-95.96,43.645 -95.96,1,274619378.4,0.00262834,0.057379667,0.88237536,7.392834663,33933,46850.94892,1.380689857,33933,17138653.77,505.0733436
254,254,229,2016,43.989,-96.426,43.989 -96.426,1,283180020.8,0.002602536,0.059797145,0.865693569,6.965805531,34993,39300.99943,1.12311032,34993,18497455.16,528.6044399
255,255,230,2016,43.865,-96.223,43.865 -96.223,1,59612448.54,0.0040712,0.052440334,0.907132745,7.192312241,7363,9997.950012,1.357863644,7363,3828595.025,519.977594
256,256,231,2016,44.099,-96.429,44.099 -96.429,1,215629223.4,0.005204876,0.045590926,0.7312572,6.845763683,26653,42555.00424,1.596630932,26653,14331629.58,537.7116865
257,257,232,2016,43.719,-96.278,43.719 -96.278,1,24961174.39,0.002093486,0.043486856,0.932917893,7.346878529,3079,4714.915328,1.531313845,3079,1571721.387,510.4648868
258,258,233,2016,43.877,-96.114,43.877 -96.114,0,168703600.8,0.006389727,0.044472612,0.764163077,7.085267067,20814,38687.20969,1.858710949,20814,10936762.43,525.4522161
259,259,234,2016,43.911,-96.032,43.911 -96.032,1,93965018.42,0.006166441,0.049337056,0.776541233,7.105534554,11602,20076.77699,1.730458282,11602,6073579.143,523.4941513
260,260,235,2016,43.576,-95.758,43.576 -95.758,1,65930154.58,0.003383545,0.046988744,0.902507126,7.485970974,8143,10319.0682,1.267231757,8143,4122714.92,506.2894412
261,261,236,2016,43.908,-96.145,43.908 -96.145,1,247502555.7,0.002039102,0.049645547,0.788526952,6.97062254,30598,46582.13015,1.522391338,30598,16351853.2,534.4092164
262,262,237,2016,43.757,-96.168,43.757 -96.168,1,45147745.76,0.005537375,0.036156256,0.932136536,7.353866577,5577,9529.739732,1.708757348,5577,2708123.552,485.5878702
263,263,238,2016,43.702,-96.15,43.702 -96.15,1,194310370.8,0.002871992,0.043273814,0.879457414,7.283542156,24008,37621.49445,1.567039922,24008,12143606.7,505.8150074
264,264,239,2016,43.683,-96.273,43.683 -96.273,1,23891765.32,0.003610852,0.061637204,0.912612498,7.455288887,2952,4334.727059,1.468403475,2952,1450239.039,491.2733871
265,265,240,2016,44.158,-96.399,44.158 -96.399,1,41112728.53,0.001511498,0.04831003,0.853767693,6.830086708,5062,6284.59039,1.24152319,5062,2723713.367,538.070598
266,266,241,2017,44.283,-96.374,44.283 -96.374,0,10538970.75,0,0.020075869,0.571084917,6.653073311,1312,2942.255156,2.242572527,1312,763083.3461,581.618404
267,267,242,2017,44.279,-96.384,44.279 -96.384,1,32801628.03,0.001509948,0.035458766,0.724353254,6.638011456,4062,7804.093787,1.921244162,4062,2369489.937,583.3308559
268,268,243,2017,44.197,-96.326,44.197 -96.326,0,24673530.59,0.033567958,0.045561943,0.331648737,6.760350227,3039,8803.253391,2.896759918,3039,1687538.85,555.2941263
269,269,244,2017,43.972,-96.432,43.972 -96.432,1,12630655.24,0.006779677,0.0381887,0.944347262,7.13588047,1555,2098.295727,1.349386319,1555,786308.9691,505.6649319
270,270,245,2017,44.029,-96.174,44.029 -96.174,1,75790579.62,0.003242855,0.055614136,0.693030059,6.911869049,9358,14333.8945,1.531726277,9358,5076668.314,542.4950111
271,271,246,2017,43.954,-96.031,43.954 -96.031,1,22347087.03,0.0051499,0.041750509,0.866049707,6.953364849,2758,4227.296375,1.532739802,2758,1516812.444,549.9682539
272,272,247,2017,43.858,-96.283,43.858 -96.283,0,3052412.939,0.006552193,0.037669089,0.926042199,7.195114613,375,441.6953584,1.177854289,375,197961.3961,527.8970562
273,273,248,2017,43.792,-96.4,43.792 -96.4,1,52137947.59,0.005035918,0.031234143,0.931536794,7.301878929,6439,7253.216567,1.126450779,6439,3335702.035,518.0465965
274,274,249,2017,43.76,-96.296,43.76 -96.296,0,11994265.42,0.005771368,0.057986587,0.911150992,7.301174164,1472,2006.313315,1.362984589,1472,767132.9669,521.1501134
275,275,250,2017,43.762,-96.197,43.762 -96.197,0,18318771.28,0.005304972,0.057325665,0.914492071,7.306825638,2270,3267.271108,1.43932648,2270,1161680.447,511.7535009
276,276,251,2017,43.763,-96.127,43.763 -96.127,1,699134135.6,0.003547571,0.051290885,0.825631559,7.098722458,86359,134690.4389,1.559657232,86359,44862887.19,519.4928981
277,277,252,2017,43.737,-96.1,43.737 -96.1,0,40229923.92,0.004783101,0.044836886,0.938289285,7.343644142,4971,5778.52151,1.162446492,4971,2435484.621,489.9385679
278,278,253,2017,43.789,-96.023,43.789 -96.023,0,123365975.9,0.003226642,0.042817045,0.8716712,7.190227509,15243,25485.50118,1.671947857,15243,7947030.554,521.3560686
279,279,254,2017,43.594,-96.439,43.594 -96.439,1,219515124,0.002648704,0.05186848,0.922746003,7.56762886,27112,45878.40988,1.692180949,27112,12941316.35,477.3279857
280,280,255,2017,43.549,-96.196,43.549 -96.196,1,34795037.09,0.002392321,0.048306156,0.943174899,7.816282749,4311,5967.367094,1.384218764,4311,1937602.197,449.4553925
281,281,256,2017,43.595,-96.19,43.595 -96.19,1,1309702810,0.004567736,0.053050511,0.854670346,7.26102829,161804,244762.2682,1.512708389,161804,81208854.39,501.8964574
282,282,257,2017,43.607,-96.157,43.607 -96.157,1,155858305.9,0.002283829,0.048042171,0.923773944,7.577463627,19267,23291.69076,1.20889037,19267,8996923.738,466.9602812
283,283,258,2017,43.61,-96.142,43.61 -96.142,1,140556339.2,0.002112551,0.047010593,0.923280656,7.563191414,17383,21008.43983,1.208562379,17383,8147506.176,468.7054119
284,284,259,2017,43.579,-96.058,43.579 -96.058,1,363546330,0.002985476,0.057224091,0.882089615,7.452678204,44919,62366.29343,1.388416782,44919,22263499.98,495.6365899
285,285,260,2017,43.573,-95.757,43.573 -95.757,0,66341490.96,0.003362566,0.047393862,0.90148747,7.486367702,8193,10471.08501,1.278052607,8193,4147390.732,506.2114893
286,286,261,2018,44.099,-96.428,44.099 -96.428,1,215629223.4,0.005204876,0.045590926,0.7312572,6.845763683,26653,42555.00424,1.596630932,26653,14331629.58,537.7116865
287,287,262,2018,44.162,-96.306,44.162 -96.306,0,37620485.44,0.000721565,0.053613465,0.79125154,6.749304295,4652,6727.765513,1.446209268,4652,2630159.27,565.3824741
288,288,263,2018,44.09,-96.265,44.09 -96.265,0,65648739.73,0.001920064,0.037375797,0.828439653,6.836328983,8103,10166.23785,1.254626416,8103,4484051.71,553.3816747
289,289,264,2018,43.994,-96.441,43.994 -96.441,1,10667405.97,0,0.036449272,0.956842661,7.145850658,1319,1241.904572,0.941550092,1319,659367.6965,499.8996941
290,290,265,2018,44.01,-96.4,44.01 -96.4,1,93002754.14,0.004103895,0.083697014,0.864422381,7.013196468,11519,12171.07772,1.056608882,11519,6060671.915,526.145665
291,291,266,2018,43.991,-96.419,43.991 -96.419,1,282053403.6,0.002612931,0.059989035,0.865368962,6.965070248,34852,39115.10491,1.122320237,34852,18427821.6,528.7450247
292,292,267,2018,44.032,-96.111,44.032 -96.111,1,16467725.78,0.000607248,0.070906602,0.886389256,6.911069393,2041,2813.065864,1.378278229,2041,1130758.352,554.0217305
293,293,268,2018,43.96,-96.158,43.96 -96.158,1,190855356.9,0.002225156,0.048518904,0.761927783,6.941196918,23589,36140.6984,1.53209964,23589,12720790.34,539.2678935
294,294,269,2018,43.848,-96.126,43.848 -96.126,1,510958728.5,0.003679375,0.051284391,0.796686172,7.04159832,63110,101654.873,1.610756979,63110,33222676.03,526.4249094
295,295,270,2018,43.919,-96.165,43.919 -96.165,1,46275809.28,0.002809243,0.053664181,0.907489955,7.091339111,5715,7209.82043,1.26156088,5715,2972843.603,520.1826076
296,296,271,2018,43.878,-96.15,43.878 -96.15,1,309918586.2,0.00232977,0.050270706,0.810076773,7.001178741,38309,56564.19276,1.47652491,38309,20306170.16,530.0626526
297,297,272,2018,43.737,-96.292,43.737 -96.292,0,20482710.75,0.003417517,0.052718665,0.924722433,7.33217144,2528,3752.55954,1.484398552,2528,1306007.089,516.6167284
298,298,273,2018,43.933,-96.183,43.933 -96.183,1,27370270.87,0.001976735,0.056925882,0.907171726,7.059101582,3387,4032.47163,1.19057326,3387,1778547.32,525.1099262
299,299,274,2018,43.695,-96.146,43.695 -96.146,1,1057666281,0.003627276,0.048254076,0.850717008,7.178740025,130662,202454.3234,1.54945067,130662,66835688.15,511.5158818
300,300,275,2018,43.66,-96.093,43.66 -96.093,1,83702173.13,0.002418341,0.039245125,0.923247397,7.508236885,10358,12644.76483,1.220772816,10358,4941026.247,477.0251252
301,301,276,2018,43.705,-95.993,43.705 -95.993,0,10096946.8,0,0.026413145,0.952172279,7.392206192,1243,1620.687693,1.303851724,1243,621556.1448,500.0451688
302,302,277,2018,43.571,-96.062,43.571 -96.062,0,366737151.5,0.0029595,0.057051174,0.882378757,7.455260277,45315,62894.76043,1.387945723,45315,22441794.49,495.2398652
303,303,278,2018,43.66,-95.915,43.66 -95.915,0,252817872.2,0.002473554,0.046424568,0.895085216,7.379734516,31242,42691.20155,1.366468265,31242,15851688.83,507.3839329
304,304,279,2018,43.5,-95.849,43.5 -95.849,1,211602270.4,0.00289265,0.04816911,0.907760203,7.559752464,26151,33396.26935,1.277055155,26151,12931162.84,494.4806257
305,305,280,2018,43.757,-96.168,43.757 -96.168,1,45147745.76,0.005537375,0.036156256,0.932136536,7.353866577,5577,9529.739732,1.708757348,5577,2708123.552,485.5878702
306,306,281,2019,43.529,-96.034,43.529 -96.034,0,55518797.81,0.002918402,0.035929155,0.935981095,7.737663746,6876,9245.308696,1.344576599,6876,3185424.193,463.2670438
307,307,282,2019,43.961,-96.157,43.961 -96.157,1,190756272.3,0.002226311,0.048465829,0.762061119,6.941088676,23578,36110.7218,1.53154304,23578,12715327.58,539.2877928
308,308,283,2019,44.248,-96.444,44.248 -96.444,1,74230099.01,0.004185969,0.035139538,0.777288437,6.666442394,9175,16252.40927,1.771379756,9175,5274055.465,574.8289335
309,309,284,2019,43.515,-96.092,43.515 -96.092,0,475284783,0.002894871,0.054441359,0.890464544,7.528951168,58751,79818.86745,1.358595895,58751,28527957.98,485.5739985
310,310,285,2019,43.79,-96.125,43.79 -96.125,1,678942073.9,0.003638353,0.050943132,0.82338798,7.089171886,83871,131265.3607,1.565086391,83871,43693961.31,520.9662615
311,311,286,2019,43.852,-96.347,43.852 -96.347,1,21397781.32,0.006269671,0.029469511,0.934596479,7.229918003,2649,3018.785546,1.139594393,2649,1385324.646,522.9613612
312,312,287,2019,43.528,-95.846,43.528 -95.846,1,95503246.79,0.002730619,0.050481565,0.927983999,7.572468758,11804,13820.04382,1.170793275,11804,5784713.283,490.0638159
313,313,288,2019,44.158,-96.396,44.158 -96.396,1,40742366.34,0.001525238,0.047480371,0.855369925,6.828996181,5016,6180.599196,1.232176873,5016,2699790.382,538.2357221
314,314,289,2019,43.919,-96.165,43.919 -96.165,1,46275809.28,0.002809243,0.053664181,0.907489955,7.091339111,5715,7209.82043,1.26156088,5715,2972843.603,520.1826076
315,315,290,2019,43.72,-96.279,43.72 -96.279,0,27817307.58,0.002516419,0.043155283,0.931609511,7.359436512,3440,5335.529216,1.551025935,3440,1761718.551,512.1274859
316,316,291,2019,43.659,-95.905,43.659 -95.905,0,130142987.3,0.001858363,0.048661742,0.884331942,7.407139301,16089,20542.62986,1.276812099,16089,8156642.41,506.9701293
317,317,292,2019,43.543,-95.817,43.543 -95.817,1,93676509.05,0.003123736,0.045433883,0.888507187,7.51388073,11567,15689.85418,1.356432453,11567,5823472.754,503.4557581
318,318,293,2019,43.597,-96.034,43.597 -96.034,0,303218620.5,0.002750831,0.056609847,0.879184246,7.413593769,37462,52371.85517,1.397999444,37462,18784132.17,501.4182951
319,319,294,2019,43.602,-96.163,43.602 -96.163,1,156749115.1,0.00227085,0.047960538,0.922849238,7.578444481,19374,23497.27406,1.21282513,19374,9044097.207,466.8162076
320,320,295,2019,43.704,-96.294,43.704 -96.294,1,61812214.1,0.00258857,0.042662147,0.928764105,7.372039795,7632,12242.35881,1.604082654,7632,3878022.984,508.1267013
321,321,296,2019,43.514,-96.085,43.514 -96.085,0,473388126.7,0.002906469,0.05459509,0.890260577,7.52743721,58514,79511.84608,1.358851661,58514,28425159.99,485.7839147
322,322,297,2019,43.757,-96.168,43.757 -96.168,1,45147745.76,0.005537375,0.036156256,0.932136536,7.353866577,5577,9529.739732,1.708757348,5577,2708123.552,485.5878702
323,323,298,2019,43.651,-95.933,43.651 -95.933,0,257491636.3,0.002428656,0.046035841,0.894426882,7.382398129,31814,43506.71176,1.367533531,31814,16124502.97,506.836706
324,324,299,2019,43.675,-96.048,43.675 -96.048,1,47375457.63,0.002640056,0.040239144,0.915897787,7.481595039,5855,7598.039639,1.297701049,5855,2834390.316,484.0974067
325,325,300,2019,43.566,-95.759,43.566 -95.759,1,76477161.52,0.003178434,0.046373438,0.901036441,7.494971275,9437,12400.28718,1.314007331,9437,4776321.216,506.127076
