fid,watershed_id,CatchArea,slope_count,slope_sum,slope_mean,elv_count,elv_sum,elv_mean,watershed_num
"1",267,7213403.89529556,901,1108.44700099714,1.23024084461392,901,534761.193603516,593.519637739751,"1"
"2",265,10538970.0916,1312,2942.25515574589,2.24257252724535,1312,763083.346069336,581.618404016262,"1"
"3",262,25271456.0862724,3121,4795.76709458604,1.53661233405512,3121,1800470.36846924,576.888935747914,"1"
"4",256,16163307.8167662,1985,6642.08655714989,3.3461393235012,1985,1107423.81796265,557.896129955993,"4"
"5",252,6169.92253476381,833,1381.67210466415,1.65866999359441,833,464383.924438477,557.483702807295,"4"
"6",253,10668405.2299541,1307,1763.97466788068,1.34963631819486,1307,712154.747253418,544.877388870251,"4"
"8",250,23967526.5084711,2970,4482.79319026694,1.50935797652085,2970,1715290.69970703,577.538956130314,"4"
"9",237,1043369.43970942,129,166.535388946533,1.29097200733747,129,66869.1694335938,518.365654523983,"4"
"10",240,15889992.8040402,1962,2846.18763937429,1.45065628918159,1962,1124601.91644287,573.191598594736,"5"
"11",233,83263539.6198686,10299,15838.812121599,1.53789806016108,10299,5466630.37915039,530.792346747295,"4"
"12",230,73836300.7146446,9130,12279.1302098176,1.34492116208297,9130,4798876.84243774,525.616302567113,"4"
"13",227,15332121.814962,1906,4339.68254780956,2.27685338290113,1906,1061580.15338135,556.967551616657,"7"
"14",218,11102503.4627375,1379,1944.61336378206,1.41016197518641,1379,751188.472747803,544.734207938943,"7"
"15",212,27284432.2292371,3386,5816.31524010561,1.7177540579166,3386,1890358.97912598,558.286762884222,"7"
"16",211,16275974.695397,2017,2758.55007559806,1.36765001269116,2017,1117862.68548584,554.220468758473,"7"
"17",200,10667406.0868233,1319,1241.90457176417,0.94155009231552,1319,659367.696472168,499.899694065328,"5"
"18",195,12630656.1491588,1555,2098.29572661221,1.34938631936477,1555,786308.969085693,505.664931887906,"5"
"19",190,22347087.174157,2758,4227.29637474567,1.53273980230082,2758,1516812.44421387,549.968253884651,"7"
"20",189,21458026.2141054,2652,4001.10491706617,1.50871226133717,2652,1410325.45962524,531.796930477091,"7"
"21",183,6194.80928206444,3388,4032.8507667277,1.19033375641313,3388,1779090.07495117,525.115134283109,"7"
"22",208,6194.89490324259,8079,7957.94802404568,0.985016465409788,8079,4308958.62231445,533.352967237833,"5"
"25",180,6197.37733513117,5347,6877.5222699953,1.28623943706664,5347,2804887.55673218,524.572200623186,"7"
"26",185,17484527.8438097,2168,2907.88685869798,1.34127622633671,2168,1094765.38375854,504.965582914458,"5"
"27",176,4523340.14279163,556,630.166567035019,1.13339310617809,556,295885.036071777,532.167331064348,"7"
"28",181,17146912.9441943,2109,2804.96875894815,1.32999941154488,2109,1100457.28744507,521.791032453802,"5"
"30",152,6204.39051049948,1901,2240.58739979472,1.17863619137018,1901,995974.278564453,523.921240696714,"5"
"31",156,3052412.92648405,375,441.695358406752,1.17785428908467,375,197961.396087646,527.897056233724,"7"
"33",138,6207.63745361567,6440,7253.59955564514,1.12633533472751,6440,3336239.81088257,518.049660074933,"5"
"34",81,6210.79708474874,2952,4334.72705912311,1.46840347531271,2952,1450239.03860474,491.273387061225,"6"
"35",140,98923306.3609751,12218,20577.2948360555,1.68417865739528,12218,6419962.29153442,525.451161526799,"7"
"36",130,37133577.4097922,4587,7795.59553262219,1.69949760903034,4587,2239707.837677,488.272909892523,"7"
"37",123,10695745.2466889,1311,1787.29286008328,1.36330500387741,1311,684416.592773438,522.056897615132,"6"
"38",125,18318771.3840071,2270,3267.27110847831,1.43932647950586,2270,1161680.44702148,511.753500890522,"7"
"39",124,14011081.3849247,1743,2354.04676584806,1.35057186795643,1743,902124.328216553,517.569895706571,"6"
"40",126,1099691.2054311,146,172.861700929701,1.18398425294316,146,69884.1356506348,478.658463360512,"7"
"42",116,44400600.8792847,5484,7644.41267089732,1.39394833532044,5484,2850881.09576416,519.85432089062,"3"
"43",115,40229924.3635088,4971,5778.52150969114,1.16244649158945,4971,2435484.62091064,489.938567875809,"7"
"44",103,28276839.772539,3490,5964.98164944351,1.70916379640215,3490,1758702.29934692,503.926160271325,"6"
"45",104,1187479.35686475,148,134.398108914495,0.908095330503341,148,69189.7472839355,467.498292459024,"7"
"46",96,10096946.4268317,1243,1620.68769265711,1.30385172377885,1243,621556.144775391,500.045168765399,"7"
"48",46,6223.41717636585,2606,3056.2476278143,1.17277345656727,2606,1325550.74966431,508.653395880394,"4"
"49",72,14788986.5191628,1837,3334.62430432439,1.81525547323048,1837,873119.50793457,475.296411504938,"6"
"50",75,65054003.4258016,8067,9456.2537615234,1.17221442438619,8067,4146963.91424561,514.065193286923,"3"
"52",55,6906420.49294508,848,747.993102765642,0.882067338167031,848,416642.937896729,491.32421921784,"3"
"53",28,52911697.0781385,6551,7743.28866401687,1.18200101725185,6551,3246246.84542847,495.53455127896,"2"
"54",14,258829332.016688,31962,46284.7463933475,1.4481179648754,31962,15487770.1826782,484.568242997254,"3"
"55",21,34795036.9647393,4311,5967.3670935994,1.38421876446286,4311,1937602.19717407,449.455392524721,"7"
"56",12,55518797.666811,6876,9245.30869579921,1.34457659915637,6876,3185424.19332886,463.267043823278,"3"
"57",8,13897382.442843,1721,2167.74607206136,1.25958516679916,1721,769798.183288574,447.297026896324,"3"
"58",266,10334717.4459783,1283,1707.62829195894,1.33096515351437,1283,759493.692260742,591.967024365348,"1"
"59",261,27859055.0936041,3446,5308.8199515231,1.5405745651547,3446,1981377.62091064,574.97899620158,"1"
"60",255,24155401.1309013,2979,8666.30650211126,2.90913276338075,2979,1656292.75674438,555.989512166628,"4"
"62",251,20756706.3057158,2556,3409.61767762899,1.33396622755438,2556,1389780.36993408,543.732539097841,"4"
"63",249,13591432.3303704,1691,2813.41213919222,1.66375643949865,1691,926181.384918213,547.712232358494,"4"
"64",243,31219162.0987663,3856,5708.78311196342,1.48049354563367,3856,2203296.02813721,571.394198168363,"4"
"65",229,57287120.6079881,7075,9053.32287772,1.2796216081583,7075,3933327.25146484,555.947314694678,"5"
"66",219,28236737.0291374,3491,7326.59222732787,2.09870874457974,3491,1918675.37399292,549.606237179295,"7"
"67",214,46807813.8813213,5805,9418.51769956015,1.62248366917488,5805,3224471.31866455,555.464482112756,"7"
"68",194,14971338.8028313,1847,2462.53527981043,1.33326219805654,1847,930061.225494385,503.552368973679,"5"
"69",188,27433186.1713232,3393,5017.24234356917,1.47870390320341,3393,1790140.09933472,527.598025150226,"7"
"70",206,6194.89490324259,8810,8951.25370619819,1.01603333782045,8810,4694519.41299438,532.862589443176,"5"
"72",178,40112812.5826324,4937,8990.46129887365,1.82103733013442,4937,2677782.19848633,542.390560762878,"7"
"73",179,46275810.1558682,5715,7209.82043023966,1.26156088018192,5715,2972843.60269165,520.182607645083,"7"
"74",182,17320416.2390352,2132,2842.01650784165,1.33302838078876,2132,1112045.74829102,521.597442913234,"5"
"75",155,6204.04861414433,2619,2962.5933936704,1.13119259017579,2619,1370011.94308472,523.104980177441,"5"
"76",158,7158641.45720166,883,1207.40063701198,1.36738463987766,883,461967.203948975,523.17916642013,"7"
"78",135,6207.63745361567,6902,7978.08309064433,1.15590888012813,6902,3562819.12713623,516.200974664768,"5"
"79",139,99109569.1139991,12244,20645.5572404973,1.68617749432353,12244,6432664.6416626,525.372806408249,"7"
"80",122,11994265.7919188,1472,2006.31331470609,1.3629845887949,1472,767132.966949463,521.150113416755,"6"
"81",121,45147745.7422074,5577,9529.73973239958,1.70875734846684,5577,2708123.55227661,485.5878702307,"7"
"83",119,21456839.3390597,2653,3905.8485513553,1.47223842870535,2653,1348439.55596924,508.269715781846,"7"
"84",112,45332998.7724804,5598,7831.08869975992,1.39890830649516,5598,2907061.19934082,519.303536859739,"3"
"85",113,47247903.8873585,5837,6909.21211393084,1.18369232721104,5837,2837426.22375488,486.11036898319,"7"
"86",108,24867914.2136078,3066,4680.40810114052,1.52655189208758,3066,1565525.83877563,510.608557982921,"6"
"87",93,10221334.6098816,1260,1645.00456984341,1.30555918241541,1260,629780.529510498,499.825817071824,"7"
"88",32,6223.41717636585,8145,10325.8953309534,1.26775878833068,8145,4123678.28222656,506.283398677294,"2"
"89",61,18454750.111678,2286,4210.19152799994,1.84172857742779,2286,1079734.35943604,472.324741660558,"6"
"90",78,94964778.5857441,11755,14561.5264893575,1.23875172176584,11755,6032191.24569702,513.159612564613,"3"
"91",24,71300259.3384652,8817,10207.7021488834,1.15772963013308,8817,4349514.04830933,493.309974856451,"2"
"93",19,38311057.5169785,4737,6472.50476060901,1.36637212594659,4737,2120633.32281494,447.674334560891,"7"
"94",264,32801629.8037302,4062,7804.09378743917,1.92124416234347,4062,2369489.93676758,583.330855925056,"1"
"95",254,24685868.7147551,3041,8806.20862761885,2.89582657928933,3041,1688555.74124146,555.263315107351,"4"
"96",247,40730021.558488,5015,6178.88630917296,1.23208101877826,5015,2699287.52935791,538.242777538965,"4"
"97",242,35447742.2110291,4375,6295.61809630319,1.43899842201216,4375,2482943.92773438,567.530040625,"4"
"98",228,57293299.5993245,7075,9053.32287772,1.2796216081583,7075,3933327.25146484,555.947314694678,"5"
"99",216,6183.06648665667,5343,10149.7483041746,1.89963471910437,5343,2919421.82064819,546.401239125621,"7"
"101",204,56822420.1106396,7043,11336.3761819713,1.60959480079104,7043,3881096.43978882,551.05728237808,"7"
"102",205,6194.89490324259,9463,9939.83971288055,1.05038990942413,9463,5030262.79309082,531.571678441384,"5"
"104",175,65249778.3097074,8058,9587.85338564962,1.18985522284061,8058,4195291.55352783,520.636827193824,"5"
"105",177,134251378.107324,16558,29116.4431948514,1.75845169675392,16558,8760739.32009888,529.094052427762,"7"
"106",159,15307149.6706899,1888,2784.09384635463,1.47462597794207,1888,983543.439331055,520.944618289754,"7"
"107",137,120323053.874479,14869,24808.1766805351,1.66844957162789,14869,7760664.46066284,521.935870647847,"7"
"108",120,18220408.1656293,2249,3334.05307950824,1.48246023988806,2249,1166222.26690674,518.551474836255,"6"
"109",118,51443404.2353836,6360,10796.5004973151,1.69756297127596,6360,3073514.69454956,483.257027444899,"7"
"110",106,58535882.8960548,7238,10223.351052938,1.41245524356701,7238,3734983.92532349,516.024305792137,"3"
"111",110,24961174.2866238,3079,4714.91532760765,1.53131384462736,3079,1571721.38650513,510.464886815566,"6"
"112",109,36599382.967687,4522,6949.00818200968,1.53671122998887,4522,2262277.78582764,500.282570948173,"7"
"113",92,10880582.9248822,1345,1753.23559719324,1.3035208901065,1345,670732.049407959,498.685538593278,"7"
"114",30,6223.41717636585,8193,10471.0850050924,1.27805260650463,8193,4147390.73156738,506.211489267348,"2"
"115",50,35021318.9382388,4340,7962.21829243191,1.83461250977694,4340,2010631.90539551,463.279240874541,"6"
"116",68,129912708.676734,16061,20469.2570359409,1.2744696492087,16061,8143532.30328369,507.037687770605,"3"
"118",16,85982365.7699422,10621,12209.9967359256,1.14960895734164,10621,5219299.43054199,491.413184308633,"2"
"119",263,34249327.7366484,4237,8166.55606193095,1.92743829641986,4237,2467934.14770508,582.472066958952,"1"
"120",246,40742366.3275859,5016,6180.59919610247,1.23217687322617,5016,2699790.38198853,538.235722087027,"4"
"121",248,37620485.175746,4652,6727.76551286317,1.44620926759741,4652,2630159.26959229,565.382474117,"4"
"122",226,6179.54732662439,8104,10167.5713217743,1.25463614533246,8104,4484565.01611328,553.376729530267,"5"
"124",210,75790580.0767185,9358,14333.894502181,1.53172627721532,9358,5076668.31393433,542.495011106468,"7"
"125",199,62917714.8788502,7796,12510.5322677866,1.60473733552932,7796,4273258.13806152,548.134702162843,"7"
"126",207,6194.89490324259,10059,10673.9480953366,1.06113411823606,10059,5330956.74923706,529.968858657626,"5"
"128",171,86551062.4030958,10692,13844.5085794162,1.29484741670559,10692,5555854.82046509,519.627274641329,"5"
"129",173,148071480.346912,18269,32677.3600048126,1.78867808882876,18269,9643232.431427,527.846758521375,"7"
"130",160,59289908.6588596,7322,9887.50581578352,1.35038320346675,7322,3808362.1427002,520.125941368505,"7"
"131",134,123365975.40447,15243,25485.5011831969,1.67194785693085,15243,7947030.55377197,521.356068606703,"7"
"132",114,20482711.0497041,2528,3752.55953978747,1.48439855213112,2528,1306007.08929443,516.61672836014,"6"
"133",94,85592764.0195876,10569,15288.6282459497,1.44655390727124,10569,5432342.80844116,513.98834406672,"3"
"134",101,42227320.5286551,5226,8414.69622003101,1.61016001148699,5226,2604319.1343689,498.338908222139,"7"
"135",83,15421327.5047497,1906,2332.34281924367,1.2236845851226,1906,936451.871490479,491.317875913158,"7"
"136",26,6223.41717636585,9438,12400.3943323782,1.31387945882371,9438,4776839.95648193,506.128412426566,"2"
"137",71,130024735.528829,16074,20500.7548954785,1.27539846307568,16074,8149611.04107666,507.00578829642,"3"
"139",17,86001072.4671605,10623,12213.046821798,1.14967964057215,10623,5220216.99725342,491.407041066875,"2"
"141",259,40620828.611084,5029,9746.41659241915,1.93804267099208,5029,2911754.34869385,578.992712009117,"1"
"142",245,41112728.5204907,5062,6284.59038976952,1.24152319039303,5062,2723713.36709595,538.070598003941,"4"
"143",244,110372063.617428,13643,24804.0279797493,1.81807725425121,13643,7487622.67529297,548.825234573992,"4"
"144",224,80498100.6964498,9948,12227.4472861867,1.22913623705134,9948,5457421.84857178,548.594878223942,"5"
"145",193,189542629.283653,23433,35966.9980723526,1.53488661598398,23433,12642186.9831238,539.50356263064,"7"
"146",209,6194.89490324259,10060,10675.7302123457,1.06120578651548,10060,5331442.22241211,529.964435627446,"5"
"148",170,86923042.1142476,10736,13942.9372564983,1.29870876085118,10736,5577794.67990112,519.541233224769,"5"
"149",169,165088335.291415,20370,37713.830341004,1.85143987928345,20370,10720112.143158,526.269619202649,"7"
"150",161,59612448.2545638,7363,9997.95001224615,1.35786364420021,7363,3828595.02496338,519.977594046364,"7"
"151",133,123726186.867444,15291,25621.9441833645,1.67562253504444,15291,7970265.8208313,521.239017777209,"7"
"152",107,52983666.8796853,6544,10106.3212753749,1.54436449807073,6544,3345243.22033691,511.192423645616,"6"
"153",91,43968549.1598317,5444,8823.92375871353,1.62085300490697,5444,2702850.84487915,496.482521101975,"7"
"154",86,91526387.5657392,11311,16318.9450829625,1.4427499852323,11311,5795625.07150269,512.388389311527,"3"
"155",82,15869205.2133926,1962,2421.11988840997,1.2340060593323,1962,962572.5206604,490.607808695413,"7"
"156",25,6223.41717636585,9834,13087.3769230237,1.33082946136096,9834,4972741.32702637,505.668225241648,"2"
"157",70,130030959.28668,16074,20500.7548954785,1.27539846307568,16074,8149611.04107666,507.00578829642,"3"
"159",13,87198303.5984686,10777,12454.5937028907,1.15566425748266,10777,5292742.7286377,491.114663509112,"2"
"161",260,41237059.7684563,5102,9881.98051157594,1.93688367533829,5102,2952091.08166504,578.614480922195,"1"
"162",241,54380731.3247142,6712,8125.88276887033,1.21064999536209,6712,3590685.02682495,534.964992077615,"4"
"163",239,114421761.315297,14146,25607.1088428898,1.81020138858262,14146,7744470.32229614,547.467151300448,"4"
"164",222,98339122.584125,12153,14915.5858443957,1.22731719282446,12153,6616211.80084229,544.409758976572,"5"
"165",192,190805812.624446,23583,36124.5440733772,1.53180443850982,23583,12717822.6091003,539.279252389448,"7"
"166",203,6194.89490324259,11378,11956.04483594,1.05080372964844,11378,5991147.10385132,526.555379139684,"5"
"168",167,92521717.3810032,11427,14960.9474385958,1.30926292452926,11427,5923143.10858154,518.346294616395,"5"
"169",166,168703600.99222,20814,38687.2096877956,1.85871094877465,20814,10936762.4263306,525.452216120427,"7"
"170",163,64761009.4339097,7998,11056.2820886616,1.38238085629677,7998,4147111.33337402,518.51854630833,"7"
"171",132,124788237.639786,15421,25876.2292949259,1.67798646617768,15421,8033907.17999268,520.971868231157,"7"
"172",102,53406477.2883549,6595,10204.645288079,1.54733059713102,6595,3369423.25375366,510.905724602527,"6"
"173",84,91545049.5707368,11312,16320.8931146264,1.44279465299031,11312,5796092.51281738,512.384415913842,"3"
"174",20,6223.41717636585,11498,15576.5552713969,1.354718670325,11498,5790447.56045532,503.604762607003,"2"
"175",80,47375456.891115,5855,7598.03963924944,1.29770104854815,5855,2834390.31594849,484.097406652175,"7"
"178",11,95503246.1348776,11804,13820.0438207171,1.17079327522172,11804,5784713.28253174,490.063815870191,"2"
"179",258,74076010.4585686,9158,16234.7712252885,1.77274199883037,9158,5264857.82415771,574.891660205035,"1"
"180",238,114421761.315297,14147,25610.1550169392,1.81028875499676,14147,7744961.0975647,547.463143957355,"4"
"181",236,60109735.2865264,7423,9209.41936716717,1.24066002521449,7423,3960235.25784302,533.508723944903,"4"
"183",221,100614079.457465,12433,15187.0852189418,1.22151413326967,12433,6759981.60528564,543.712829187295,"5"
"184",191,190855355.706617,23589,36140.69840375,1.53209963982153,23589,12720790.3406677,539.267893537993,"7"
"185",202,6194.89490324259,11520,12171.5164333954,1.05655524595447,11520,6061215.64883423,526.147191739082,"5"
"187",164,93055059.3311626,11491,15144.6835800391,1.31796045427196,11491,5953982.84838867,518.143142319091,"5"
"188",162,84361396.8482762,10410,14580.9948665705,1.40067193723059,10410,5365737.16125488,515.440649496146,"7"
"189",131,125055312.540035,15454,25965.8131327182,1.68020015094592,15454,8049841.90960693,520.89050793367,"7"
"190",98,55514491.41354,6855,10666.1336260615,1.55596405923581,6855,3492633.76538086,509.501643381599,"6"
"191",18,6223.41717636585,11568,15689.9613309004,1.35632445806539,11568,5823991.49423218,503.457079376917,"2"
"192",73,83702173.2078315,10358,12644.7648297818,1.22077281615967,10358,4941026.24710083,477.025125226958,"7"
"193",74,252805424.920952,31240,42688.033776835,1.36645434624952,31240,15850767.8968506,507.386936518905,"3"
"196",257,74230101.0103761,9175,16252.409265101,1.77137975641427,9175,5274055.46453857,574.828933464695,"1"
"197",235,61647229.6216999,7608,9485.91366914194,1.24683407848869,7608,4055240.13412476,533.023151173075,"4"
"198",234,131124515.537457,16216,28511.8993626265,1.75825723745847,16216,8820597.99069214,543.944128681064,"4"
"199",220,142446221.105665,17593,20402.8988552922,1.15971686780494,17593,9467766.44134521,538.155314121822,"5"
"200",186,196324033.939516,24259,37064.2971903424,1.52785758647687,24259,13058994.3795776,538.315444972078,"7"
"201",154,91053966.5421987,11244,15827.1427254733,1.4076078553427,11244,5773799.59643555,513.500497726392,"7"
"202",150,154893165.243643,19139,25951.621332516,1.35595492619865,19139,9849320.63064575,514.620441540611,"5"
"203",128,134118762.218297,16564,27700.7826146036,1.67234862440254,16564,8596086.00210571,518.961965835892,"7"
"204",97,55551805.1109793,6859,10677.4176985798,1.55670180763666,6859,3494513.17150879,509.47852041242,"6"
"205",4,6223.41717636585,25969,33034.2555495028,1.27206498323011,25969,12847194.7540283,494.712724942367,"2"
"206",57,97971576.4415395,12130,14828.9343294078,1.22250076911853,12130,5755128.86184692,474.454151842286,"7"
"207",69,253726427.733217,31352,42827.2512222532,1.36601337146763,31352,15904014.2375793,507.272717452773,"3"
"212",232,75560089.4539928,9333,12233.0957602477,1.31073564344237,9333,4950634.86352539,530.444108381591,"4"
"213",217,149685978.290389,18494,21310.7701740125,1.15230724418798,18494,9928115.70507812,536.829009683039,"5"
"214",187,225027138.394279,27807,42360.5488179795,1.52337716467003,27807,14925874.124939,536.766789834896,"7"
"215",153,93026774.1314599,11485,16222.3768083639,1.41248383181227,11485,5888192.99423218,512.685502327573,"7"
"216",149,160216892.462803,19798,27087.9004554795,1.3682139840125,19798,10167007.8819885,513.53711900134,"5"
"217",111,146678001.162694,18129,29781.0861690063,1.64273187539336,18129,9345670.53796387,515.509434495221,"7"
"218",95,61812214.2452462,7632,12242.3588144211,1.60408265388117,7632,3878022.98431396,508.126701299,"6"
"219",1,6223.41717636585,26152,33396.3764996801,1.27701041984093,26152,12931681.5830078,494.481553342299,"2"
"220",56,101121729.743155,12517,15293.3879587301,1.22180937594712,12517,5930503.74966431,473.795937498147,"7"
"222",65,257217763.97809,31781,43443.1486512501,1.36695348325257,31781,16109184.544342,506.880983743181,"3"
"225",231,215629221.61695,26653,42555.0042403247,1.59663093236501,26653,14331629.5803833,537.711686503707,"4"
"226",215,153055767.358507,18904,21779.4831023449,1.152109770543,18904,10136443.4693604,536.206277473569,"5"
"227",184,239341631.833432,29579,45099.1591052947,1.52470195426805,29579,15848247.1648865,535.793879606696,"7"
"228",147,160297568.117015,19807,27108.7944524931,1.36864716779386,19807,10171206.9374084,513.515774090395,"5"
"229",90,61855748.3437693,7637,12260.0444926647,1.60534823787675,7637,3880357.9173584,508.09976657829,"6"
"230",105,177638403.353391,21943,34893.5601269789,1.59019095506444,21943,11192048.5726929,510.050976288241,"7"
"231",51,6226.2270911932,15890,19180.4598641046,1.20707739862207,15890,7475182.52603149,470.433135684801,"7"
"233",64,257491635.398179,31814,43506.7117592472,1.36753353112615,31814,16124502.9661865,506.836706047228,"3"
"234",225,238620471.447446,29497,47082.0470352285,1.59616391616871,29497,15793007.0740356,535.41062053889,"4"
"235",213,154651395.264721,19095,21960.4167562658,1.15006110271096,19095,10231908.1069641,535.84226797403,"5"
"236",174,247502553.368443,30598,46582.1301534449,1.52239133778172,30598,16351853.2029419,534.409216384793,"7"
"237",148,160309979.612557,19809,27112.4726304458,1.36869466557857,19809,10172120.4649963,513.510044171656,"5"
"238",87,70375418.8839809,8692,13999.0443402333,1.6105665370724,8692,4391311.17886353,505.212975018813,"6"
"239",100,186033189.660833,22985,36231.6694271006,1.57631800857518,22985,11674982.4335632,507.93919658748,"7"
"240",59,273411749.583144,33776,46565.5127339832,1.37865681945711,33776,17065290.3545837,505.249003866169,"3"
"241",44,140556340.374467,17383,21008.4398321644,1.20856237888537,17383,8147506.17565918,468.705411934602,"7"
"242",223,239776276.686816,29637,47354.3622154556,1.59781226896972,29637,15862699.8365784,535.232980280675,"4"
"243",201,6194.89490324259,34777,38975.9338982729,1.12073881870986,34777,18391059.7801514,528.828242233412,"5"
"245",172,304890540.309253,37695,55597.6676172082,1.47493480878653,37695,20007666.3694763,530.77772567917,"7"
"246",146,161302930.777071,19937,27358.1067708777,1.3722278562912,19937,10233455.3947144,513.28963207676,"5"
"247",99,189633589.895529,23432,36826.1578294635,1.57161820712971,23432,11880769.0852661,507.031797766563,"7"
"248",85,71662963.8844166,8852,14279.6029585553,1.61314990494299,8852,4465918.97140503,504.509599119411,"6"
"249",58,274507326.448754,33918,46810.4536102064,1.38010653960158,33918,17131700.6514587,505.09171093398,"3"
"250",43,145764700.661396,18024,21728.3386583389,1.20552256204721,18024,8436466.09060669,468.068469296865,"7"
"251",198,6194.89490324259,34854,39117.7134869946,1.12233067903238,34854,18428843.141571,528.743993273973,"5"
"253",168,309918585.012684,38309,56564.1927647287,1.47652490967472,38309,20306170.1567993,530.062652556823,"7"
"254",143,162885581.192112,20132,27744.8755674707,1.37814800156322,20132,10326476.6512146,512.938438864226,"5"
"255",89,194310369.947867,24008,37621.4944454134,1.56703992191825,24008,12143606.6985779,505.815007438266,"7"
"256",67,92025654.8658315,11371,18729.4764902247,1.64712659310744,11371,5652759.32888794,497.120686737133,"6"
"257",52,288757319.786122,35682,49879.0375276826,1.39787673134024,35682,17969329.61203,503.596480355082,"3"
"258",42,155858306.19948,19267,23291.6907597431,1.20889037004947,19267,8996923.73788452,466.960281200214,"7"
"259",197,6194.89490324259,35016,39335.378019671,1.12335440997461,35016,18508859.8056641,528.582927966189,"5"
"261",165,314922788.611316,38928,57481.7648159483,1.47661746855601,38928,20609720.1358337,529.431774964903,"7"
"262",141,175475137.34157,21683,30488.3976182649,1.4060968324616,21683,11080391.5473328,511.01745825452,"5"
"263",62,94508925.7087464,11674,19275.2563582761,1.65112697946515,11674,5791848.14422607,496.132272076929,"6"
"264",49,293552622.401831,36269,50755.2163802705,1.39941041606525,36269,18241537.9250183,502.951223497155,"3"
"265",40,156755344.827765,19374,23497.2740638577,1.21282512975419,19374,9044097.20684814,466.816207641589,"7"
"266",196,6194.89490324259,35031,39358.2486991985,1.1235262681396,35031,18516139.3527527,528.564395899423,"5"
"268",157,317912317.11408,39298,57958.5269868964,1.47484673486937,39298,20786233.6773987,528.938716407926,"7"
"269",54,158740290.837113,19623,31689.7720292164,1.61493003257486,19623,9562309.51055908,487.301101287218,"6"
"270",45,298347641.593275,36861,51550.5402587339,1.39851171315846,36861,18512774.9821167,502.232033371767,"3"
"271",41,157976315.349093,19524,23765.2299450957,1.21723160956237,19524,9110213.86236572,466.616157670852,"7"
"272",129,6194.89490324259,99251,120807.97853503,1.21719658779286,99251,50544940.962677,509.263795454726,"5"
"273",151,510958728.661407,63110,101654.872965294,1.61075697932648,63110,33222676.0329895,526.424909411971,"7"
"276",47,186608057.319126,23046,37919.1478739483,1.64536786748018,23046,11131036.2918396,482.992115414371,"6"
"277",37,303343226.557507,37479,52400.7024297382,1.39813502040445,37479,18791758.2567444,501.394334340414,"3"
"278",38,163071032.745018,20149,24678.301442821,1.22479038378188,20149,9390078.28656006,466.031976106013,"7"
"279",145,610196905.989942,75362,119138.539012759,1.58088345602239,75362,39473357.086731,523.783300426355,"7"
"280",33,363546328.885437,44919,62366.2934254709,1.38841678188452,44919,22263499.9827271,495.636589922462,"3"
"281",35,218493331.374511,26986,45677.6296300394,1.69264172645221,26986,12887480.9683838,477.561734543237,"6"
"282",144,611227196.230758,75498,119318.820250957,1.58042359070382,75498,39537565.1871033,523.690232683028,"7"
"283",34,219515123.054925,27112,45878.4098805999,1.69218094867955,27112,12941316.3490601,477.327985728093,"6"
"284",31,363851708.591155,44958,62424.0751516748,1.38849760113161,44958,22280638.2393799,495.58784286178,"3"
"285",142,612437553.122505,75653,119500.280875229,1.57958416553513,75653,39610840.33255,523.585850297411,"7"
"286",39,260901892.456898,32245,55062.8607310774,1.70764027697557,32245,15295090.2074585,474.339904092371,"6"
"287",29,366718452.043294,45313,62890.1474369135,1.38790518034369,45313,22440937.8589172,495.242819034653,"3"
"288",136,678942074.259551,83871,131265.360735173,1.5650863914246,83871,43693961.31427,520.96626145235,"7"
"289",27,366737150.337237,45315,62894.7604315843,1.38794572286405,45315,22441794.4934998,495.239865243292,"3"
"290",127,699134135.921502,86359,134690.43891906,1.55965723224053,86359,44862887.1911011,519.492898147281,"7"
"291",15,375190356.81464,46361,64133.4059285339,1.38334820061116,46361,22902258.1305847,493.998363507791,"3"
"292",117,709368434.117631,87620,136381.170957012,1.55650731519073,87620,45445361.3671265,518.664247513427,"7"
"293",10,377510215.19001,46641,64502.4094319328,1.38295511313936,46641,23023531.8458557,493.632894789042,"3"
"294",88,1059302212.80965,130863,202699.402050211,1.54894356732011,130863,66927501.3668823,511.431813170127,"7"
"295",6,452640175.337106,55944,76367.4704694402,1.36506989971114,55944,27284946.1350403,487.718899882745,"3"
"296",79,1064173015.63367,131471,203556.273956777,1.54829790567332,131471,67199132.3970642,511.132739517188,"7"
"297",5,473425558.118308,58518,79519.5007144472,1.35888958464827,58518,28426840.3949585,485.779425047994,"3"
"298",77,1064278796.84358,131487,203590.723814667,1.54837150299777,131487,67206155.6300049,511.123956208636,"7"
"299",7,475284782.79926,58751,79818.8674478846,1.35859589535301,58751,28527957.9847717,485.573998481247,"3"
"300",76,1064558812.27354,131523,203655.759018675,1.54844216615098,131523,67221980.9447021,511.104376760735,"7"
"301",3,475359646.493686,58762,79849.3194926101,1.35885979872384,58762,28532582.3430786,485.561797472493,"3"
"302",66,1082878805.24721,133781,206791.056278025,1.54574308966165,133781,68253807.9637451,510.190594806027,"7"
"303",2,475503141.39688,58778,79875.2856074887,1.35893166843868,58778,28539423.3608398,485.546009745821,"3"
"304",63,1102936954.66004,136239,211628.724465868,1.55336375388741,136239,69383167.1707153,509.275370273676,"7"
"305",60,1103092576.94076,136258,211673.114364563,1.55347292903582,136258,69391424.7166748,509.264958510141,"7"
"306",53,1110102699.00901,137132,213134.676013736,1.55423005581291,137132,69781794.8210144,508.865872451466,"7"
"307",48,6224.86489152908,139899,217716.216643298,1.55623854811899,139899,71044966.7200012,507.83041136821,"7"
"309",36,6224.86489152908,161807,244770.572944279,1.51273166763044,161807,81210188.164032,501.895394908947,"7"
"311",23,6224.86489152908,166360,251632.773556753,1.51257978815071,166360,83242864.2240906,500.37788064493,"7"
"313",22,6224.86489152908,166378,251671.093320562,1.51264646359832,166378,83250457.9790955,500.369387653989,"7"
"315",9,6224.86489152908,175708,264171.175140727,1.50346697441623,175708,87411441.995697,497.481287110985,"7"
