fid,segment,watershed,catcharea,frac_fores,frac_urban,frac_agri,temp,area,slopecount,slopesum,slopemean,elevationcount,elevationsum,elevationmean
1,1,6,11102504.4,0.003602791,0.05342171,0.851075172,6.909551144,11102503.59,1379,1944.613364,1.410161975,1379,751188.4727,544.7342079
2,2,6,7313732.681,0.006008947,0.060007233,0.909766734,7.203886986,7313728.466,902,1239.525352,1.374196621,902,471587.9048,522.8247281
3,3,5,70375418.22,0.002592563,0.040445697,0.932196021,7.389336586,70375418.79,8692,13999.04434,1.610566537,8692,4391311.179,505.212975
4,4,6,189633597.3,0.002903027,0.043228436,0.87955451,7.27695179,189633590.9,23432,36826.15783,1.571618207,23432,11880769.09,507.0317978
5,5,6,146690440.4,0.003122615,0.044870634,0.871917248,7.222918987,146690435.5,18130,29783.93014,1.642798133,18130,9346128.306,515.5062496
6,6,6,10221336.74,0,0.028128862,0.949826837,7.392909527,10221334.9,1260,1645.00457,1.305559182,1260,629780.5295,499.8258171
7,7,7,253726426.9,0.002464697,0.046361249,0.895076692,7.380285263,253726427.6,31352,42827.25122,1.366013371,31352,15904014.24,507.2727175
8,8,7,130142982.9,0.001858363,0.048661742,0.884331942,7.407139301,130142987.3,16089,20542.62986,1.276812099,16089,8156642.41,506.9701293
9,9,6,140986134.9,0.002106111,0.047009137,0.923301756,7.563760281,140986142.5,17436,21082.48521,1.209135422,17436,8170787.172,468.6159195
10,10,7,55518798.81,0.002918402,0.035929155,0.935981095,7.737663746,55518797.81,6876,9245.308696,1.344576599,6876,3185424.193,463.2670438
11,11,1,10420904.89,0.001874104,0.043337282,0.903598249,6.594334126,10420916.04,1293,1727.870687,1.336326904,1293,765234.7778,591.8289078
12,12,1,41237044.48,0.002057943,0.037446968,0.711197495,6.657693386,41237057.6,5102,9881.980512,1.936883675,5102,2952091.082,578.6144809
13,13,3,13591441.64,0.00054326,0.057169247,0.73864013,6.802933693,13591433.64,1691,2813.412139,1.663756439,1691,926181.3849,547.7122324
14,14,3,61647223.88,0.001765347,0.042137533,0.853697062,6.858216286,61647228.81,7608,9485.913669,1.246834078,7608,4055240.134,533.0231512
15,15,4,57293296.36,0.002200079,0.036796253,0.813313901,6.820995808,57293299.14,7075,9053.322878,1.279621608,7075,3933327.251,555.9473147
16,16,4,81236565.27,0.0045752,0.090466924,0.852876604,7.002435684,81236565.57,10059,10675.2915,1.06126767,10059,5330898.488,529.9630668
17,17,6,93026770.2,0.003920963,0.050158158,0.904825866,7.205518246,93026773.59,11485,16222.37681,1.412483832,11485,5888192.994,512.6855023
18,18,6,610196901.7,0.003678964,0.0508404,0.813909411,7.069695473,610196905.4,75362,119138.539,1.580883456,75362,39473357.09,523.7833004
19,19,5,35021317.18,0.002337173,0.04350961,0.929677784,7.669161797,35021318.7,4340,7962.218292,1.83461251,4340,2010631.905,463.2792409
20,20,2,21107586,0.003350885,0.059275959,0.897045612,7.445383072,21107583.25,2606,3056.247628,1.172773457,2606,1325550.75,508.6533959
21,21,3,40699160.37,0.001526857,0.047504872,0.855665505,6.828867912,40699160.28,5011,6169.447487,1.231180899,5011,2697239.523,538.2637245
22,22,4,142446218.5,0.001792343,0.038572647,0.876891375,6.894791603,142446220.7,17593,20402.89886,1.159716868,17593,9467766.441,538.1553141
23,23,4,149685973.5,0.001705654,0.037437033,0.881175041,6.901389122,149685977.6,18494,21310.77017,1.152307244,18494,9928115.705,536.8290097
24,24,4,65197662.2,0.0050872,0.106350146,0.845435381,6.996506214,65197664.41,8078,7957.509307,0.985084094,8078,4308414.888,533.3516821
25,25,6,28681891.7,0.001480023,0.060120758,0.472572774,6.880418777,28681892.06,3545,7400.839793,2.087684004,3545,1947270.05,549.3004373
26,26,6,27284436.12,0.001099528,0.036068093,0.716825724,6.863504887,27284432.77,3386,5816.31524,1.717754058,3386,1890358.979,558.2867629
27,27,6,56822424.06,0.000879934,0.043338466,0.789721966,6.900028706,56822420.66,7043,11336.37618,1.609594801,7043,3881096.44,551.0572824
28,28,6,62917717.31,0.000953626,0.042788044,0.79653883,6.911459446,62917715.22,7796,12510.53227,1.604737336,7796,4273258.138,548.1347022
29,29,4,160198270.2,0.004247361,0.054027844,0.892813921,7.194700718,160198274.4,19796,27081.55172,1.368031507,19796,10166084.6,513.5423622
30,30,6,91147025.45,0.004001827,0.050032567,0.905584157,7.202737808,91147028.86,11255,15878.01703,1.410752291,11255,5779058.076,513.4658442
31,31,6,99109574.91,0.002885315,0.04224309,0.862724721,7.168075085,99109569.9,12244,20645.55724,1.686177494,12244,6432664.642,525.3728064
32,32,6,123726191,0.003217248,0.043086596,0.871440709,7.190676689,123726187.4,15291,25621.94418,1.675622535,15291,7970265.821,521.2390178
33,33,6,43968555.1,0.005816313,0.040783059,0.91229701,7.393638611,43968549.96,5444,8823.923759,1.620853005,5444,2702850.845,496.4825211
34,34,6,14929856.78,0.000974323,0.028085291,0.934077084,7.430300713,14929856.4,1843,2287.352966,1.241103075,1843,906802.1403,492.0250354
35,35,7,253726426.9,0.002464697,0.046361249,0.895076692,7.380285263,253726427.6,31352,42827.25122,1.366013371,31352,15904014.24,507.2727175
36,36,7,298347640.6,0.002768621,0.056831881,0.880504251,7.408957481,298347641.5,36861,51550.54026,1.398511713,36861,18512774.98,502.2320334
37,37,7,366730926.2,0.00295955,0.057052143,0.882383525,7.455254078,366730918.7,45314,62892.54198,1.387927395,45314,22441366.18,495.2413421
38,38,6,128504139.3,0.002155046,0.046079058,0.922709227,7.548805714,128504147.9,15888,19176.69314,1.206992267,15888,7474309.788,470.4374237
39,39,6,163071031.3,0.00230546,0.047723461,0.923210561,7.583583355,163071032.5,20149,24678.30144,1.224790384,20149,9390078.287,466.0319761
40,40,5,94714338.86,0.002515648,0.040886406,0.932027221,7.443827629,94714341.38,11700,19317.22256,1.651044663,11700,5803389.86,496.0162273
41,41,1,35838890.51,0.001381972,0.038195461,0.719329894,6.644343376,35838898.82,4435,8458.020903,1.907107306,4435,2580538.997,581.8577219
42,42,3,3907742.781,0.011947304,0.028692542,0.749299705,6.936439514,3907739.239,479,600.4841969,1.253620453,479,250774.3682,523.5373031
43,43,3,238620465.8,0.004993016,0.044395737,0.747163355,6.859393597,238620470.6,29497,47082.04704,1.596163916,29497,15793007.07,535.4106205
44,44,3,35447745.05,0.000765793,0.056113377,0.803156853,6.743133068,35447742.61,4375,6295.618096,1.438998422,4375,2482943.928,567.5300406
45,45,4,15883823.22,0.001876366,0.027771823,0.77284956,6.772099495,15883819.9,1961,2842.93407,1.449736904,1961,1124065.696,573.2104521
46,46,4,14971330.94,0.007400682,0.042998865,0.939509749,7.140757561,14971337.72,1847,2462.53528,1.333262198,1847,930061.2255,503.552369
47,47,6,189542640.4,0.002240567,0.04860083,0.761045456,6.939867496,189542630.8,23433,35966.99807,1.534886616,23433,12642186.98,539.5035626
48,48,6,315053033.5,0.002291801,0.05054063,0.811460257,7.005060196,315053026.1,38945,57523.38,1.477041469,38945,20617775.36,529.4075069
49,49,4,55846314.56,0.005201444,0.031445917,0.931331992,7.311535835,55846313.83,6901,7977.700102,1.156020881,6901,3562281.351,516.1978483
50,50,5,10695742.5,0.005410065,0.058017723,0.913841307,7.295314312,10695744.87,1311,1787.29286,1.363305004,1311,684416.5928,522.0568976
51,51,5,18220405.96,0.003841846,0.04854843,0.928835809,7.321169853,18220407.87,2249,3334.05308,1.48246024,2249,1166222.267,518.5514748
52,52,6,177109803,0.002981528,0.044078272,0.879069567,7.258289337,177109797.2,21875,34821.86516,1.591856693,21875,11160293.42,510.1848422
53,53,6,177109803,0.002981528,0.044078272,0.879069567,7.258289337,177109797.2,21875,34821.86516,1.591856693,21875,11160293.42,510.1848422
54,54,5,186608061,0.002617719,0.048272762,0.928296864,7.525598526,186608057.8,23046,37919.14787,1.645367867,23046,11131036.29,482.9921154
55,55,6,1346657317,0.004678013,0.052507248,0.856566966,7.274799347,1346657316,166359,251632.5813,1.512587725,166359,83242388.22,500.3780272
56,56,6,38311058.73,0.002426045,0.048496421,0.94293642,7.819336414,38311057.68,4737,6472.504761,1.366372126,4737,2120633.323,447.6743346
57,57,7,377510223.4,0.002971652,0.057072982,0.881929636,7.46542263,377510216.3,46641,64502.40943,1.382955113,46641,23023531.85,493.6328948
58,58,7,13897382.39,0.00071956,0.045418866,0.948022068,7.802260876,13897382.44,1721,2167.746072,1.259585167,1721,769798.1833,447.2970269
59,59,7,65054002.29,0.001411948,0.051249258,0.888251901,7.350746632,65054003.27,8067,9456.253762,1.172214424,8067,4146963.914,514.0651933
60,60,2,210154799.4,0.002908265,0.047982123,0.908249915,7.558442116,210154788.9,25967,33030.20957,1.272007146,25967,12846220.33,494.7133025
61,61,3,16163300.66,0.050623301,0.040253285,0.222152814,6.752063274,16163306.81,1985,6642.086557,3.346139324,1985,1107423.818,557.89613
62,62,3,24155394.62,0.034287985,0.043719269,0.337982416,6.758400917,24155400.21,2978,8665.771874,2.909930112,2978,1655786.435,556.0061903
63,63,3,114446457.8,0.008333727,0.052061152,0.635229468,6.80106163,114446458.1,14150,25615.68364,1.810295664,14150,7746444.44,547.4519039
64,64,3,1043369.327,0,0.087209776,0.656045794,6.950000286,1043369.424,129,166.5353889,1.290972007,129,66869.16943,518.3656545
65,65,4,57064678.52,0.002208893,0.036585417,0.813410342,6.820478916,57064681.46,7049,9030.988491,1.281173002,7049,3919607.569,556.0515773
66,66,4,71216203.96,0.004657276,0.100936398,0.847613215,6.996684551,71216205.7,8809,8950.81499,1.016098875,8809,4693975.679,532.8613553
67,67,4,81236565.27,0.0045752,0.090466924,0.852876604,7.002435684,81236565.57,10059,10675.2915,1.06126767,10059,5330898.488,529.9630668
68,68,4,283477157.4,0.002608429,0.059739076,0.865757465,6.965999126,283477152.4,35028,39352.42936,1.123456359,35028,18514640.66,528.5668795
69,69,6,196324042.4,0.002163173,0.048469063,0.765496433,6.946026802,196324035.1,24259,37064.29719,1.527857586,24259,13058994.38,538.315445
70,70,6,165088334.4,0.006529655,0.043940134,0.765601218,7.082017422,165088335.2,20370,37713.83034,1.851439879,20370,10720112.14,526.2696192
71,71,6,4610111.593,0,0.04086332,0.949986458,7.077653408,4610111.518,565,647.498606,1.146015232,565,300556.5689,531.958529
72,72,6,15307152.76,0.004830933,0.065034956,0.895635486,7.193243027,15307150.09,1888,2784.093846,1.474625978,1888,983543.4393,520.9446183
73,73,4,160297563,0.00424473,0.053994376,0.892843246,7.194820881,160297567.4,19807,27108.79445,1.368647168,19807,10171206.94,513.5157741
74,74,4,160297563,0.00424473,0.053994376,0.892843246,7.194820881,160297567.4,19807,27108.79445,1.368647168,19807,10171206.94,513.5157741
75,75,5,61855747.25,0.002614353,0.042723354,0.928559422,7.372165203,61855748.2,7637,12260.04449,1.605348238,7637,3880357.917,508.0997666
76,76,6,1102936957,0.004349108,0.050384481,0.847109795,7.196124077,1102936955,136239,211628.7245,1.553363754,136239,69383167.17,509.2753703
77,77,7,44400608.11,0.002556402,0.044615671,0.903512597,7.272933483,44400601.86,5484,7644.412671,1.393948335,5484,2850881.096,519.8543209
78,78,7,288757346.5,0.002754419,0.05702287,0.881275415,7.401409626,288757323.4,35682,49879.03753,1.397876731,35682,17969329.61,503.5964804
79,79,7,293552621.8,0.002779779,0.056766499,0.881413043,7.405220509,293552622.3,36269,50755.21638,1.399410416,36269,18241537.93,502.9512235
80,80,7,375190364.9,0.002946128,0.057068206,0.882122636,7.463048458,375190357.9,46361,64133.40593,1.383348201,46361,22902258.13,493.9983635
81,81,3,110372064.6,0.008575056,0.051961854,0.632981122,6.795566559,110372063.7,13643,24804.02798,1.818077254,13643,7487622.675,548.8252346
82,82,3,215629234.3,0.005204876,0.045590926,0.7312572,6.845763683,215629223.4,26653,42555.00424,1.596630932,26653,14331629.58,537.7116865
83,83,4,1423076.321,0,0.015664766,0.949180603,7.066858768,1423076.847,176,216.7745719,1.231673704,176,88411.88104,502.3402332
84,83,4,1423076.321,0,0.015664766,0.949180603,7.066858768,1423076.847,176,216.7745719,1.231673704,176,88411.88104,502.3402332
85,84,4,80498097.58,0.001690099,0.041756749,0.839612126,6.855878353,80498100.26,9948,12227.44729,1.229136237,9948,5457421.849,548.5948782
86,84,4,80498097.58,0.001690099,0.041756749,0.839612126,6.855878353,80498100.26,9948,12227.44729,1.229136237,9948,5457421.849,548.5948782
87,85,4,57293296.36,0.002200079,0.036796253,0.813313901,6.820995808,57293299.14,7075,9053.322878,1.279621608,7075,3933327.251,555.9473147
88,85,4,57293296.36,0.002200079,0.036796253,0.813313901,6.820995808,57293299.14,7075,9053.322878,1.279621608,7075,3933327.251,555.9473147
89,86,4,86551064.83,0.004254569,0.057726882,0.886867523,7.130868435,86551062.73,10692,13844.50858,1.294847417,10692,5555854.82,519.6272746
90,86,4,86551064.83,0.004254569,0.057726882,0.886867523,7.130868435,86551062.73,10692,13844.50858,1.294847417,10692,5555854.82,519.6272746
91,87,6,64761012.89,0.003747535,0.051700059,0.905522823,7.196884632,64761009.91,7998,11056.28209,1.382380856,7998,4147111.333,518.5185463
92,87,6,64761012.89,0.003747535,0.051700059,0.905522823,7.196884632,64761009.91,7998,11056.28209,1.382380856,7998,4147111.333,518.5185463
93,88,6,309918593.7,0.00232977,0.050270706,0.810076773,7.001178741,309918586.2,38309,56564.19276,1.47652491,38309,20306170.16,530.0626526
94,88,6,309918593.7,0.00232977,0.050270706,0.810076773,7.001178741,309918586.2,38309,56564.19276,1.47652491,38309,20306170.16,530.0626526
95,89,5,40396249.51,0.002273747,0.051781565,0.923962831,7.691428661,40396251.29,5006,9007.865485,1.7994138,5006,2300101.34,459.4689053
96,90,5,18454748.13,0.003351488,0.037937634,0.931242704,7.61638689,18454749.84,2286,4210.191528,1.841728577,2286,1079734.359,472.3247417
97,91,5,71669184.31,0.002545762,0.041264266,0.931058466,7.392237186,71669184.44,8852,14279.60296,1.613149905,8852,4465918.971,504.5095991
98,91,5,71669184.31,0.002545762,0.041264266,0.931058466,7.392237186,71669184.44,8852,14279.60296,1.613149905,8852,4465918.971,504.5095991
99,92,6,1064278802,0.00382694,0.048208419,0.850396216,7.181419849,1064278798,131487,203590.7238,1.548371503,131487,67206155.63,511.1239562
100,93,6,1110102701,0.004626981,0.050523814,0.846725225,7.199332714,1110102699,137132,213134.676,1.554230056,137132,69781794.82,508.8658725
101,94,6,83702172.7,0.002418341,0.039245125,0.923247397,7.508236885,83702173.13,10358,12644.76483,1.220772816,10358,4941026.247,477.0251252
102,94,6,83702172.7,0.002418341,0.039245125,0.923247397,7.508236885,83702173.13,10358,12644.76483,1.220772816,10358,4941026.247,477.0251252
103,95,6,178981342.1,0.003034736,0.043923184,0.878986835,7.260965824,178981336.3,22111,35079.96,1.586538827,22111,11270319.08,509.7154847
104,95,6,178981342.1,0.003034736,0.043923184,0.878986835,7.260965824,178981336.3,22111,35079.96,1.586538827,22111,11270319.08,509.7154847
105,96,7,475359648.3,0.002894415,0.05445382,0.890371501,7.529016972,475359646.7,58762,79849.31949,1.358859799,58762,28532582.34,485.5617975
106,96,7,475503142.9,0.002914572,0.054437391,0.890264094,7.529143333,475503141.6,58778,79875.28561,1.358931668,58778,28539423.36,485.5460097
107,97,7,85592769.22,0.002728102,0.036184724,0.914775252,7.309527874,85592764.72,10569,15288.62825,1.446553907,10569,5432342.808,513.9883441
108,97,7,85592769.22,0.002728102,0.036184724,0.914775252,7.309527874,85592764.72,10569,15288.62825,1.446553907,10569,5432342.808,513.9883441
109,98,7,129806895.4,0.001863174,0.04853202,0.884646058,7.406769276,129806899.6,16050,20439.85292,1.273511086,16050,8138329.439,507.0610242
110,98,7,130018506.9,0.001860142,0.04868288,0.884474397,7.407002449,130018511.1,16073,20499.87788,1.275423249,16073,8149151.815,507.008761
111,99,2,71300265.51,0.002748409,0.055591226,0.922597647,7.544830799,71300260.16,8817,10207.70215,1.15772963,8817,4349514.048,493.3099749
112,99,2,71300265.51,0.002748409,0.055591226,0.922597647,7.544830799,71300260.16,8817,10207.70215,1.15772963,8817,4349514.048,493.3099749
113,100,2,85982373.75,0.002916679,0.051226523,0.927978754,7.562396049,85982366.83,10621,12209.99674,1.149608957,10621,5219299.431,491.4131843
114,101,1,74075996.39,0.004194677,0.034636091,0.777423501,6.666100025,74076008.46,9158,16234.77123,1.772741999,9158,5264857.824,574.8916602
115,101,1,74075996.39,0.004194677,0.034636091,0.777423501,6.666100025,74076008.46,9158,16234.77123,1.772741999,9158,5264857.824,574.8916602
116,102,1,40620815.32,0.002089165,0.038015097,0.708678842,6.656292439,40620826.72,5029,9746.416592,1.938042671,5029,2911754.349,578.992712
117,103,3,54380726,0.001142717,0.042549912,0.861254394,6.846926212,54380730.57,6712,8125.882769,1.210649995,6712,3590685.027,534.9649921
118,104,4,100614075.8,0.001776373,0.039636068,0.858727217,6.876121044,100614078.9,12433,15187.08522,1.221514133,12433,6759981.605,543.7128292
119,104,4,100614075.8,0.001776373,0.039636068,0.858727217,6.876121044,100614078.9,12433,15187.08522,1.221514133,12433,6759981.605,543.7128292
120,105,4,100614075.8,0.001776373,0.039636068,0.858727217,6.876121044,100614078.9,12433,15187.08522,1.221514133,12433,6759981.605,543.7128292
121,106,6,21507578.8,0.000929905,0.070806168,0.879542112,7.009647369,21507575.81,2658,4016.71625,1.511179928,2658,1413314.964,531.7212054
122,107,4,86923043.78,0.004236361,0.057587743,0.886484683,7.131378174,86923042.34,10736,13942.93726,1.298708761,10736,5577794.68,519.5412332
123,108,4,92521715.56,0.004224797,0.054866519,0.889525294,7.138325691,92521717.13,11427,14960.94744,1.309262925,11427,5923143.109,518.3462946
124,108,4,92521715.56,0.004224797,0.054866519,0.889525294,7.138325691,92521717.13,11427,14960.94744,1.309262925,11427,5923143.109,518.3462946
125,109,4,160309974.8,0.004244401,0.053990196,0.892851591,7.194835186,160309978.9,19809,27112.47263,1.368694666,19809,10172120.46,513.5100442
126,109,4,160309974.8,0.004244401,0.053990196,0.892851591,7.194835186,160309978.9,19809,27112.47263,1.368694666,19809,10172120.46,513.5100442
127,110,5,14788992.43,0.002829867,0.030026302,0.945913851,7.602340698,14788987.31,1837,3334.624304,1.815255473,1837,873119.5079,475.2964115
128,111,5,55564240.38,0.002200262,0.041974902,0.930508554,7.36273241,55564242.61,6861,10681.63243,1.556862327,6861,3495438.516,509.4648763
129,112,5,54133996.85,0.002258394,0.042227563,0.930451095,7.358067989,54133998.67,6682,10434.67242,1.561609162,6682,3410408.081,510.3873213
130,112,5,54133996.85,0.002258394,0.042227563,0.930451095,7.358067989,54133998.67,6682,10434.67242,1.561609162,6682,3410408.081,510.3873213
131,113,6,51443404.98,0.00485971,0.03788247,0.934096277,7.369323254,51443404.34,6360,10796.5005,1.697562971,6360,3073514.695,483.2570274
132,113,6,51443404.98,0.00485971,0.03788247,0.934096277,7.369323254,51443404.34,6360,10796.5005,1.697562971,6360,3073514.695,483.2570274
133,114,6,134143629.4,0.003152806,0.044688638,0.871781707,7.203944206,134143617.5,16567,27706.81092,1.672409665,16567,8597490.016,518.9527384
134,115,6,157976313.7,0.002253209,0.047783624,0.922752917,7.579777241,157976315.1,19524,23765.22995,1.21723161,19524,9110213.862,466.6161577
135,115,6,157976313.7,0.002253209,0.047783624,0.922752917,7.579777241,157976315.1,19524,23765.22995,1.21723161,19524,9110213.862,466.6161577
136,116,7,375190364.9,0.002946128,0.057068206,0.882122636,7.463048458,375190357.9,46361,64133.40593,1.383348201,46361,22902258.13,493.9983635
137,117,7,257217766,0.002431242,0.046084855,0.894483507,7.382219315,257217764.2,31781,43443.14865,1.366953483,31781,16109184.54,506.8809837
138,118,7,6906419.99,0.002895856,0.048032016,0.939143777,7.54484272,6906420.426,848,747.9931028,0.882067338,848,416642.9379,491.3242192
139,119,2,52911701.51,0.003257437,0.059006609,0.916189134,7.529300213,52911697.67,6551,7743.288664,1.182001017,6551,3246246.845,495.5345513
140,119,2,52911701.51,0.003257437,0.059006609,0.916189134,7.529300213,52911697.67,6551,7743.288664,1.182001017,6551,3246246.845,495.5345513
141,120,2,85982373.75,0.002916679,0.051226523,0.927978754,7.562396049,85982366.83,10621,12209.99674,1.149608957,10621,5219299.431,491.4131843
142,120,2,85982373.75,0.002916679,0.051226523,0.927978754,7.562396049,85982366.83,10621,12209.99674,1.149608957,10621,5219299.431,491.4131843
143,121,3,131149217.2,0.007467422,0.050656475,0.651685953,6.818696976,131149219.2,16219,28520.29966,1.758449945,16219,8822084.213,543.9351509
144,122,3,23967534.94,0.000834462,0.048359416,0.795697153,6.703372002,23967527.69,2970,4482.79319,1.509357977,2970,1715290.7,577.5389561
145,123,6,239341653.2,0.00210863,0.050719172,0.786168814,6.963594913,239341634.8,29579,45099.15911,1.524701954,29579,15848247.16,535.7938796
146,123,6,239341653.2,0.00210863,0.050719172,0.786168814,6.963594913,239341634.8,29579,45099.15911,1.524701954,29579,15848247.16,535.7938796
147,124,6,147978503.7,0.006360478,0.045926996,0.769422114,7.074860573,147978496.3,18258,32634.25541,1.787394863,18258,9637853.99,527.8701933
148,125,6,134251372.7,0.006542488,0.046817966,0.77695179,7.071907043,134251377.4,16558,29116.44319,1.758451697,16558,8760739.32,529.0940524
149,126,4,175028132.1,0.004001756,0.053262435,0.892314494,7.210490227,175028136.9,21623,30410.18237,1.406381278,21623,11052277.48,511.1352485
150,127,3,40742366.43,0.001525238,0.047480371,0.855369925,6.828996181,40742366.34,5016,6180.599196,1.232176873,5016,2699790.382,538.2357221
151,127,6,239341653.2,0.00210863,0.050719172,0.786168814,6.963594913,239341634.8,29579,45099.15911,1.524701954,29579,15848247.16,535.7938796
152,128,5,92025652.74,0.002589147,0.041367032,0.931080818,7.436901569,92025654.58,11371,18729.47649,1.647126593,11371,5652759.329,497.1206867
153,129,6,36599382.61,0.004841255,0.046365172,0.92868793,7.373010635,36599382.92,4522,6949.008182,1.53671123,4522,2262277.786,500.2825709
154,130,6,709368430.3,0.00353868,0.051341023,0.826510608,7.104281425,709368433.6,87620,136381.171,1.556507315,87620,45445361.37,518.6642475
155,131,6,42227326.45,0.006056147,0.042105805,0.912811399,7.386914253,42227321.33,5226,8414.69622,1.610160011,5226,2604319.134,498.3389082
156,132,5,54133996.85,0.002258394,0.042227563,0.930451095,7.358067989,54133998.67,6682,10434.67242,1.561609162,6682,3410408.081,510.3873213
157,133,6,1082878813,0.004139232,0.048225097,0.850687504,7.188798904,1082878806,133781,206791.0563,1.54574309,133781,68253807.96,510.1905948
158,134,6,1132375462,0.004615452,0.053666819,0.844743252,7.208500862,1132375459,139894,217701.7853,1.556191011,139894,71042765.38,507.8328261
159,135,6,157976313.7,0.002253209,0.047783624,0.922752917,7.579777241,157976315.1,19524,23765.22995,1.21723161,19524,9110213.862,466.6161577
160,135,6,157976313.7,0.002253209,0.047783624,0.922752917,7.579777241,157976315.1,19524,23765.22995,1.21723161,19524,9110213.862,466.6161577
161,136,7,375190364.9,0.002946128,0.057068206,0.882122636,7.463048458,375190357.9,46361,64133.40593,1.383348201,46361,22902258.13,493.9983635
162,137,7,363851716.8,0.00298297,0.057233412,0.882127047,7.452927113,363851709.7,44958,62424.07515,1.388497601,44958,22280638.24,495.5878429
163,138,7,257217766,0.002431242,0.046084855,0.894483507,7.382219315,257217764.2,31781,43443.14865,1.366953483,31781,16109184.54,506.8809837
164,139,7,130142982.9,0.001858363,0.048661742,0.884331942,7.407139301,130142987.3,16089,20542.62986,1.276812099,16089,8156642.41,506.9701293
165,140,7,91545053.59,0.002703568,0.037470981,0.914113522,7.318424702,91545050.11,11312,16320.89311,1.442794653,11312,5796092.513,512.3844159
166,141,1,25271456.88,0.006240315,0.024308749,0.885005951,6.655861378,25271456.2,3121,4795.767095,1.536612334,3121,1800470.368,576.8889357
167,142,3,75560083.94,0.001892227,0.040298909,0.86164999,6.87647295,75560088.67,9333,12233.09576,1.310735643,9333,4950634.864,530.4441084
168,143,3,35447745.05,0.000765793,0.056113377,0.803156853,6.743133068,35447742.61,4375,6295.618096,1.438998422,4375,2482943.928,567.5300406
169,144,4,154651390.9,0.001676809,0.036866825,0.88146168,6.905901432,154651394.7,19095,21960.41676,1.150061103,19095,10231908.11,535.842268
170,145,4,17484524.18,0.003890154,0.02785873,0.937919378,7.184997559,17484527.34,2168,2907.886859,1.341276226,2168,1094765.384,504.9655829
171,146,4,93048855.96,0.004279875,0.054644756,0.889510751,7.139247417,93048857.29,11490,15143.16507,1.317943,11490,5953516.576,518.1476568
172,147,7,45333006.05,0.002503822,0.044060685,0.903859317,7.274637699,45332999.76,5598,7831.0887,1.398908306,5598,2907061.199,519.3035369
173,148,6,197278046.8,0.002152712,0.048255172,0.765150905,6.947010994,197278038.5,24375,37285.8725,1.529676821,24375,13116493.17,538.1125402
174,149,6,317912325.7,0.002365554,0.053321339,0.809466302,7.007737637,317912318.3,39298,57958.52699,1.474846735,39298,20786233.68,528.9387164
175,150,4,803218656.5,0.004332334,0.049439501,0.900628209,7.160136223,803218656.4,99249,120807.1568,1.217212837,99249,50543859.45,509.2631609
176,151,5,52983664.66,0.002307426,0.043144368,0.932169914,7.35425806,52983666.58,6544,10106.32128,1.544364498,6544,3345243.22,511.1924236
177,152,5,218493338.5,0.002661093,0.051451199,0.923679292,7.566301823,218493332.3,26986,45677.62963,1.692641726,26986,12887480.97,477.5617345
178,153,5,158740296.3,0.002802989,0.045142416,0.931564331,7.495034218,158740291.6,19623,31689.77203,1.614930033,19623,9562309.511,487.3011013
179,154,6,1346819408,0.004688141,0.05250093,0.856521606,7.274868488,1346819409,166377,251670.9011,1.5126544,166377,83249981.98,500.3695341
180,155,6,15869206.09,0.00091665,0.029513523,0.931941807,7.437385559,15869205.33,1962,2421.119888,1.234006059,1962,962572.5207,490.6078087
181,156,6,10880584.08,0,0.026595509,0.944940388,7.396392345,10880583.08,1345,1753.235597,1.30352089,1345,670732.0494,498.6855386
182,157,7,58821897.8,0.002605323,0.040370889,0.914849281,7.29177475,58821898.68,7274,10284.1839,1.413827866,7274,3752447.812,515.8712966
183,158,7,303218621.1,0.002750831,0.056609847,0.879184246,7.413593769,303218620.5,37462,52371.85517,1.397999444,37462,18784132.17,501.4182951
184,159,7,273411747.2,0.002639949,0.057158221,0.882718623,7.392138958,273411749.3,33776,46565.51273,1.378656819,33776,17065290.35,505.2490039
185,160,2,81090229.88,0.003138713,0.047233231,0.892546952,7.499328136,81090222.22,10015,13298.37161,1.327845392,10015,5062429.206,505.4846935
186,161,1,27859056.16,0.007748102,0.025014939,0.87119174,6.662674904,27859055.25,3446,5308.819952,1.540574565,3446,1981377.621,574.9789962
187,162,3,10557341.77,0.000572021,0.070180982,0.827214718,6.802786827,10557347.57,1291,1739.757249,1.347604376,1291,703724.3998,545.1002322
188,163,3,131124513.3,0.007468829,0.050666019,0.651643634,6.818658829,131124515.2,16216,28511.89936,1.758257237,16216,8820597.991,543.9441287
189,164,3,239776275,0.004968948,0.044192873,0.747928023,6.860312462,239776276.4,29637,47354.36222,1.597812269,29637,15862699.84,535.2329803
190,165,4,153055762.7,0.001668101,0.037098862,0.882260501,6.904399395,153055766.7,18904,21779.4831,1.152109771,18904,10136443.47,536.2062775
191,166,4,91827132.28,0.004156435,0.083909363,0.864798367,7.011463642,91827133.11,11377,11955.60612,1.05085753,11377,5990603.37,526.5538692
192,167,4,17320417.75,0.00251894,0.040379349,0.917668581,7.1414814,17320416.45,2132,2842.016508,1.333028381,2132,1112045.748,521.5974429
193,168,4,92521715.56,0.004224797,0.054866519,0.889525294,7.138325691,92521717.13,11427,14960.94744,1.309262925,11427,5923143.109,518.3462946
194,169,6,1407215.717,0.01233355,0.031602927,0.861142576,7.189333439,1407216.088,172,288.5978651,1.677894565,172,86402.88544,502.3423572
195,170,6,43342826.7,0.004381449,0.048298147,0.884277344,7.125395298,43342832.22,5347,6877.52227,1.286239437,5347,2804887.557,524.5722006
196,171,6,612437548.2,0.003665503,0.050777458,0.814260483,7.070720673,612437552.4,75653,119500.2809,1.579584166,75653,39610840.33,523.5858503
197,172,6,37133575.74,0.005556475,0.024723208,0.940111816,7.334334373,37133577.18,4587,7795.595533,1.699497609,4587,2239707.838,488.2729099
198,173,6,21108817.29,0.006024997,0.057743847,0.915186226,7.323707104,21108818.39,2612,3835.382844,1.468370155,2612,1328649.801,508.6714398
199,174,6,47247902.33,0.004072642,0.045590013,0.939264297,7.370553493,47247903.67,5837,6909.212114,1.183692327,5837,2837426.224,486.110369
200,175,6,186033198.2,0.002946022,0.04345151,0.879569054,7.27166748,186033190.8,22985,36231.66943,1.576318009,22985,11674982.43,507.9391966
201,176,7,2692229.85,0,0.024038192,0.938005328,7.749248505,2692229.772,331,399.4222476,1.206713739,331,149857.222,452.740852
202,177,6,1422222397,0.004615122,0.052117649,0.860497117,7.303349018,1422222404,175707,264170.9829,1.503474437,175707,87410965.99,497.4814093
203,178,7,452640174.9,0.003017602,0.055436224,0.88780123,7.513745785,452640175.3,55944,76367.47047,1.3650699,55944,27284946.14,487.7188999
204,179,7,130142982.9,0.001858363,0.048661742,0.884331942,7.407139301,130142987.3,16089,20542.62986,1.276812099,16089,8156642.41,506.9701293
205,180,2,95503251.09,0.002730619,0.050481565,0.927983999,7.572468758,95503246.79,11804,13820.04382,1.170793275,11804,5784713.283,490.0638159
206,181,1,7213390.714,0.001386906,0.039156936,0.921553135,6.578543186,7213402.02,901,1108.447001,1.230240845,901,534761.1936,593.5196377
207,182,3,20756697.93,0.000977177,0.059606645,0.847108781,6.806344032,20756705.12,2556,3409.617678,1.333966228,2556,1389780.37,543.7325391
208,183,6,15332123.39,0.000495802,0.040294051,0.345666111,6.844229698,15332122.03,1906,4339.682548,2.276853383,1906,1061580.153,556.9675516
209,184,4,281428250.2,0.002618735,0.060027841,0.86534965,6.964659214,281428247.2,34776,38975.49518,1.120758431,34776,18390516.05,528.8278136
210,185,4,17146914.63,0.002544429,0.040350504,0.917622149,7.141395569,17146913.18,2109,2804.968759,1.329999412,2109,1100457.287,521.7910325
211,186,6,4610111.593,0,0.04086332,0.949986458,7.077653408,4610111.518,565,647.498606,1.146015232,565,300556.5689,531.958529
212,187,6,27420803.23,0.000729373,0.068137825,0.878911972,7.022667885,27420798.53,3392,5016.484418,1.478916397,3392,1789653.97,527.6102506
213,188,6,64761012.89,0.003747535,0.051700059,0.905522823,7.196884632,64761009.91,7998,11056.28209,1.382380856,7998,4147111.333,518.5185463
214,189,6,64761012.89,0.003747535,0.051700059,0.905522823,7.196884632,64761009.91,7998,11056.28209,1.382380856,7998,4147111.333,518.5185463
215,190,6,84361392.92,0.004323714,0.049842756,0.905419886,7.197813511,84361396.31,10410,14580.99487,1.400671937,10410,5365737.161,515.4406495
216,191,4,160309974.8,0.004244401,0.053990196,0.892851591,7.194835186,160309978.9,19809,27112.47263,1.368694666,19809,10172120.46,513.5100442
217,192,5,53418911.27,0.002288625,0.042792838,0.932587743,7.355791092,53418912.88,6596,10207.4846,1.54752647,6596,3369883.332,510.8980188
218,193,5,52983664.66,0.002307426,0.043144368,0.932169914,7.35425806,52983666.58,6544,10106.32128,1.544364498,6544,3345243.22,511.1924236
219,194,6,611227191.7,0.003672762,0.050780181,0.814098835,7.070167542,611227195.6,75498,119318.8203,1.580423591,75498,39537565.19,523.6902327
220,195,6,120323059.1,0.003308242,0.041825779,0.871394455,7.187060833,120323054.6,14869,24808.17668,1.668449572,14869,7760664.461,521.9358706
221,196,6,1064173021,0.003770178,0.048208553,0.850453615,7.181373596,1064173016,131471,203556.274,1.548297906,131471,67199132.4,511.1327395
222,197,6,1064558817,0.003926071,0.048205134,0.850247741,7.18154335,1064558813,131523,203655.759,1.548442166,131523,67221980.94,511.1043768
223,198,6,97971572.59,0.002443084,0.039694313,0.923967481,7.522250652,97971575.92,12130,14828.93433,1.222500769,12130,5755128.862,474.4541518
224,199,6,125080170.7,0.003265771,0.043445416,0.870266497,7.192517281,125080159.4,15458,25976.84539,1.680479065,15458,8051730.276,520.8778805
225,200,2,93121590.37,0.003142351,0.045107581,0.889965355,7.513079166,93121582.37,11497,15576.44812,1.354827183,11497,5789928.82,503.6034461
226,201,3,6680604.297,0,0.073504977,0.802885294,6.774605751,6680602.772,833,1381.672105,1.658669994,833,464383.9244,557.4837028
227,202,3,31219163.5,0.000869518,0.052916609,0.804184437,6.728658676,31219162.3,3856,5708.783112,1.480493546,3856,2203296.028,571.3941982
228,203,4,98320574.9,0.001743273,0.03977406,0.857264996,6.873194218,98320578.61,12151,14910.38159,1.227090905,12151,6615206.547,544.4166363
229,204,4,76393396.14,0.004341652,0.095519647,0.84792459,6.999140739,76393395.65,9462,9939.400996,1.050454555,9462,5029719.059,531.5703931
230,205,6,43141859.02,0.002583988,0.05583638,0.582844019,6.893370152,43141857.5,5342,10149.46785,1.899937823,5342,2918886.222,546.4032613
231,206,6,46807815.76,0.000854558,0.048183989,0.777816594,6.885885715,46807814.14,5805,9418.5177,1.622483669,5805,3224471.319,555.4644821
232,207,4,65249776.84,0.00299304,0.064755343,0.894604743,7.114375591,65249778.1,8058,9587.853386,1.189855223,8058,4195291.554,520.6368272
233,208,4,162866955.6,0.004177765,0.053689923,0.89284277,7.197712421,162866959.5,20131,27740.51586,1.377999894,20131,10326012.79,512.9408765
234,209,4,154893162.3,0.004328273,0.053895675,0.893620849,7.189168453,154893164.8,19139,25951.62133,1.355954926,19139,9849320.631,514.6204415
235,210,4,15316490.39,0.006989706,0.029132226,0.934453785,7.22193861,15316491.23,1901,2240.5874,1.178636191,1901,995974.2786,523.9212407
236,211,6,59289910.76,0.004093347,0.052343704,0.907833219,7.191998482,59289908.95,7322,9887.505816,1.350383203,7322,3808362.143,520.1259414
237,212,3,114415586.7,0.008335975,0.052075196,0.635131061,6.801021576,114415587,14145,25606.01776,1.810252228,14145,7743979.547,547.4711592
238,213,6,98923312.13,0.002890748,0.042322628,0.862466276,7.167860508,98923307.15,12218,20577.29484,1.684178657,12218,6419962.292,525.4511615
239,214,5,52983664.66,0.002307426,0.043144368,0.932169914,7.35425806,52983666.58,6544,10106.32128,1.544364498,6544,3345243.22,511.1924236
240,215,5,52983664.66,0.002307426,0.043144368,0.932169914,7.35425806,52983666.58,6544,10106.32128,1.544364498,6544,3345243.22,511.1924236
241,216,7,94964780.18,0.001809649,0.047942311,0.87585479,7.36806488,94964778.8,11755,14561.52649,1.238751722,11755,6032191.246,513.1596126
242,217,6,135274385.4,0.003200375,0.044763833,0.870774269,7.205741882,135274375.7,16716,27886.83535,1.668272036,16716,8668784.167,518.5920177
243,218,6,1103167280,0.004377533,0.050375663,0.846998215,7.196237564,1103167278,136267,211690.2743,1.553496256,136267,69395339.05,509.2600487
244,219,7,274619376.6,0.00262834,0.057379667,0.88237536,7.392834663,274619378.4,33933,46850.94892,1.380689857,33933,17138653.77,505.0733436
245,220,2,87198311.55,0.002876008,0.050902676,0.927570403,7.564016342,87198304.66,10777,12454.5937,1.155664257,10777,5292742.729,491.1146635
246,221,7,91526391.52,0.002704119,0.03740548,0.914181054,7.318397999,91526388.1,11311,16318.94508,1.442749985,11311,5795625.072,512.3883893
247,222,6,27420803.23,0.000729373,0.068137825,0.878911972,7.022667885,27420798.53,3392,5016.484418,1.478916397,3392,1789653.97,527.6102506
248,223,6,124788250.1,0.003203741,0.043386776,0.871265829,7.19204092,124788239.3,15421,25876.22929,1.677986466,15421,8033907.18,520.9718682
249,224,5,14011081.63,0.002302169,0.056468561,0.919559538,7.302392483,14011081.42,1743,2354.046766,1.350571868,1743,902124.3282,517.5698957
250,225,6,101121725.1,0.002366977,0.041931421,0.922578394,7.526229858,101121729.1,12517,15293.38796,1.221809376,12517,5930503.75,473.7959375
251,226,4,161302925.6,0.004218273,0.053781833,0.892648935,7.195877075,161302930.1,19937,27358.10677,1.372227856,19937,10233455.39,513.2896321
252,227,6,189542640.4,0.002240567,0.04860083,0.761045456,6.939867496,189542630.8,23433,35966.99807,1.534886616,23433,12642186.98,539.5035626
253,228,7,274619376.6,0.00262834,0.057379667,0.88237536,7.392834663,274619378.4,33933,46850.94892,1.380689857,33933,17138653.77,505.0733436
254,229,4,283180025.8,0.002602536,0.059797145,0.865693569,6.965805531,283180020.8,34993,39300.99943,1.12311032,34993,18497455.16,528.6044399
255,230,6,59612450.33,0.0040712,0.052440334,0.907132745,7.192312241,59612448.54,7363,9997.950012,1.357863644,7363,3828595.025,519.977594
256,231,3,215629234.3,0.005204876,0.045590926,0.7312572,6.845763683,215629223.4,26653,42555.00424,1.596630932,26653,14331629.58,537.7116865
257,232,5,24961175.07,0.002093486,0.043486856,0.932917893,7.346878529,24961174.39,3079,4714.915328,1.531313845,3079,1571721.387,510.4648868
258,233,6,168703599.7,0.006389727,0.044472612,0.764163077,7.085267067,168703600.8,20814,38687.20969,1.858710949,20814,10936762.43,525.4522161
259,234,6,93965009.71,0.006166441,0.049337056,0.776541233,7.105534554,93965018.42,11602,20076.77699,1.730458282,11602,6073579.143,523.4941513
260,235,2,65930162.61,0.003383545,0.046988744,0.902507126,7.485970974,65930154.58,8143,10319.0682,1.267231757,8143,4122714.92,506.2894412
261,236,6,247502570.5,0.002039102,0.049645547,0.788526952,6.97062254,247502555.7,30598,46582.13015,1.522391338,30598,16351853.2,534.4092164
262,237,6,45147745.9,0.005537375,0.036156256,0.932136536,7.353866577,45147745.76,5577,9529.739732,1.708757348,5577,2708123.552,485.5878702
263,238,6,194310376.1,0.002871992,0.043273814,0.879457414,7.283542156,194310370.8,24008,37621.49445,1.567039922,24008,12143606.7,505.8150074
264,239,5,23891768.06,0.003610852,0.061637204,0.912612498,7.455288887,23891765.32,2952,4334.727059,1.468403475,2952,1450239.039,491.2733871
265,240,3,41112728.6,0.001511498,0.04831003,0.853767693,6.830086708,41112728.53,5062,6284.59039,1.24152319,5062,2723713.367,538.070598
266,241,1,10538974.74,0,0.020075869,0.571084917,6.653073311,10538970.75,1312,2942.255156,2.242572527,1312,763083.3461,581.618404
267,242,1,32801617.33,0.001509948,0.035458766,0.724353254,6.638011456,32801628.03,4062,7804.093787,1.921244162,4062,2369489.937,583.3308559
268,243,3,24673524.71,0.033567958,0.045561943,0.331648737,6.760350227,24673530.59,3039,8803.253391,2.896759918,3039,1687538.85,555.2941263
269,244,4,12630649.58,0.006779677,0.0381887,0.944347262,7.13588047,12630655.24,1555,2098.295727,1.349386319,1555,786308.9691,505.6649319
270,245,6,75790576.85,0.003242855,0.055614136,0.693030059,6.911869049,75790579.62,9358,14333.8945,1.531726277,9358,5076668.314,542.4950111
271,246,6,22347086.15,0.0051499,0.041750509,0.866049707,6.953364849,22347087.03,2758,4227.296375,1.532739802,2758,1516812.444,549.9682539
272,247,6,3052413.016,0.006552193,0.037669089,0.926042199,7.195114613,3052412.939,375,441.6953584,1.177854289,375,197961.3961,527.8970562
273,248,4,52137948.69,0.005035918,0.031234143,0.931536794,7.301878929,52137947.59,6439,7253.216567,1.126450779,6439,3335702.035,518.0465965
274,249,5,11994263.07,0.005771368,0.057986587,0.911150992,7.301174164,11994265.42,1472,2006.313315,1.362984589,1472,767132.9669,521.1501134
275,250,6,18318770.58,0.005304972,0.057325665,0.914492071,7.306825638,18318771.28,2270,3267.271108,1.43932648,2270,1161680.447,511.7535009
276,251,6,699134133.8,0.003547571,0.051290885,0.825631559,7.098722458,699134135.6,86359,134690.4389,1.559657232,86359,44862887.19,519.4928981
277,252,6,40229921.11,0.004783101,0.044836886,0.938289285,7.343644142,40229923.92,4971,5778.52151,1.162446492,4971,2435484.621,489.9385679
278,253,6,123365979.2,0.003226642,0.042817045,0.8716712,7.190227509,123365975.9,15243,25485.50118,1.671947857,15243,7947030.554,521.3560686
279,254,5,219515130.2,0.002648704,0.05186848,0.922746003,7.56762886,219515124,27112,45878.40988,1.692180949,27112,12941316.35,477.3279857
280,255,6,34795037.88,0.002392321,0.048306156,0.943174899,7.816282749,34795037.09,4311,5967.367094,1.384218764,4311,1937602.197,449.4553925
281,256,6,1309702813,0.004567736,0.053050511,0.854670346,7.26102829,1309702810,161804,244762.2682,1.512708389,161804,81208854.39,501.8964574
282,257,6,155858304.4,0.002283829,0.048042171,0.923773944,7.577463627,155858305.9,19267,23291.69076,1.20889037,19267,8996923.738,466.9602812
283,258,6,140556331.5,0.002112551,0.047010593,0.923280656,7.563191414,140556339.2,17383,21008.43983,1.208562379,17383,8147506.176,468.7054119
284,259,7,363546337.6,0.002985476,0.057224091,0.882089615,7.452678204,363546330,44919,62366.29343,1.388416782,44919,22263499.98,495.6365899
285,260,2,66341499.42,0.003362566,0.047393862,0.90148747,7.486367702,66341490.96,8193,10471.08501,1.278052607,8193,4147390.732,506.2114893
286,261,3,215629234.3,0.005204876,0.045590926,0.7312572,6.845763683,215629223.4,26653,42555.00424,1.596630932,26653,14331629.58,537.7116865
287,262,3,37620487.07,0.000721565,0.053613465,0.79125154,6.749304295,37620485.44,4652,6727.765513,1.446209268,4652,2630159.27,565.3824741
288,263,4,65648737.7,0.001920064,0.037375797,0.828439653,6.836328983,65648739.73,8103,10166.23785,1.254626416,8103,4484051.71,553.3816747
289,264,4,10667405.25,0,0.036449272,0.956842661,7.145850658,10667405.97,1319,1241.904572,0.941550092,1319,659367.6965,499.8996941
290,265,4,93002754.78,0.004103895,0.083697014,0.864422381,7.013196468,93002754.14,11519,12171.07772,1.056608882,11519,6060671.915,526.145665
291,266,4,282053405.7,0.002612931,0.059989035,0.865368962,6.965070248,282053403.6,34852,39115.10491,1.122320237,34852,18427821.6,528.7450247
292,267,6,16467723.76,0.000607248,0.070906602,0.886389256,6.911069393,16467725.78,2041,2813.065864,1.378278229,2041,1130758.352,554.0217305
293,268,6,190855364.3,0.002225156,0.048518904,0.761927783,6.941196918,190855356.9,23589,36140.6984,1.53209964,23589,12720790.34,539.2678935
294,269,6,510958727.6,0.003679375,0.051284391,0.796686172,7.04159832,510958728.5,63110,101654.873,1.610756979,63110,33222676.03,526.4249094
295,270,6,46275803.82,0.002809243,0.053664181,0.907489955,7.091339111,46275809.28,5715,7209.82043,1.26156088,5715,2972843.603,520.1826076
296,271,6,309918593.7,0.00232977,0.050270706,0.810076773,7.001178741,309918586.2,38309,56564.19276,1.47652491,38309,20306170.16,530.0626526
297,272,5,20482708.84,0.003417517,0.052718665,0.924722433,7.33217144,20482710.75,2528,3752.55954,1.484398552,2528,1306007.089,516.6167284
298,273,6,27370259.68,0.001976735,0.056925882,0.907171726,7.059101582,27370270.87,3387,4032.47163,1.19057326,3387,1778547.32,525.1099262
299,274,6,1057666285,0.003627276,0.048254076,0.850717008,7.178740025,1057666281,130662,202454.3234,1.54945067,130662,66835688.15,511.5158818
300,275,6,83702172.7,0.002418341,0.039245125,0.923247397,7.508236885,83702173.13,10358,12644.76483,1.220772816,10358,4941026.247,477.0251252
301,276,6,10096949.17,0,0.026413145,0.952172279,7.392206192,10096946.8,1243,1620.687693,1.303851724,1243,621556.1448,500.0451688
302,277,7,366737159,0.0029595,0.057051174,0.882378757,7.455260277,366737151.5,45315,62894.76043,1.387945723,45315,22441794.49,495.2398652
303,278,7,252817872,0.002473554,0.046424568,0.895085216,7.379734516,252817872.2,31242,42691.20155,1.366468265,31242,15851688.83,507.3839329
304,279,2,211602280.4,0.00289265,0.04816911,0.907760203,7.559752464,211602270.4,26151,33396.26935,1.277055155,26151,12931162.84,494.4806257
305,280,6,45147745.9,0.005537375,0.036156256,0.932136536,7.353866577,45147745.76,5577,9529.739732,1.708757348,5577,2708123.552,485.5878702
306,281,7,55518798.81,0.002918402,0.035929155,0.935981095,7.737663746,55518797.81,6876,9245.308696,1.344576599,6876,3185424.193,463.2670438
307,282,6,190756279.7,0.002226311,0.048465829,0.762061119,6.941088676,190756272.3,23578,36110.7218,1.53154304,23578,12715327.58,539.2877928
308,283,1,74230086.96,0.004185969,0.035139538,0.777288437,6.666442394,74230099.01,9175,16252.40927,1.771379756,9175,5274055.465,574.8289335
309,284,7,475284784.6,0.002894871,0.054441359,0.890464544,7.528951168,475284783,58751,79818.86745,1.358595895,58751,28527957.98,485.5739985
310,285,6,678942071.5,0.003638353,0.050943132,0.82338798,7.089171886,678942073.9,83871,131265.3607,1.565086391,83871,43693961.31,520.9662615
311,286,4,21397782.02,0.006269671,0.029469511,0.934596479,7.229918003,21397781.32,2649,3018.785546,1.139594393,2649,1385324.646,522.9613612
312,287,2,95503251.09,0.002730619,0.050481565,0.927983999,7.572468758,95503246.79,11804,13820.04382,1.170793275,11804,5784713.283,490.0638159
313,288,3,40742366.43,0.001525238,0.047480371,0.855369925,6.828996181,40742366.34,5016,6180.599196,1.232176873,5016,2699790.382,538.2357221
314,289,6,46275803.82,0.002809243,0.053664181,0.907489955,7.091339111,46275809.28,5715,7209.82043,1.26156088,5715,2972843.603,520.1826076
315,290,5,27817305.32,0.002516419,0.043155283,0.931609511,7.359436512,27817307.58,3440,5335.529216,1.551025935,3440,1761718.551,512.1274859
316,291,7,130142982.9,0.001858363,0.048661742,0.884331942,7.407139301,130142987.3,16089,20542.62986,1.276812099,16089,8156642.41,506.9701293
317,292,2,93676517.13,0.003123736,0.045433883,0.888507187,7.51388073,93676509.05,11567,15689.85418,1.356432453,11567,5823472.754,503.4557581
318,293,7,303218621.1,0.002750831,0.056609847,0.879184246,7.413593769,303218620.5,37462,52371.85517,1.397999444,37462,18784132.17,501.4182951
319,294,6,156749113.8,0.00227085,0.047960538,0.922849238,7.578444481,156749115.1,19374,23497.27406,1.21282513,19374,9044097.207,466.8162076
320,295,5,61812213.15,0.00258857,0.042662147,0.928764105,7.372039795,61812214.1,7632,12242.35881,1.604082654,7632,3878022.984,508.1267013
321,296,7,473388127.5,0.002906469,0.05459509,0.890260577,7.52743721,473388126.7,58514,79511.84608,1.358851661,58514,28425159.99,485.7839147
322,297,6,45147745.9,0.005537375,0.036156256,0.932136536,7.353866577,45147745.76,5577,9529.739732,1.708757348,5577,2708123.552,485.5878702
323,298,7,257491642,0.002428656,0.046035841,0.894426882,7.382398129,257491636.3,31814,43506.71176,1.367533531,31814,16124502.97,506.836706
324,299,6,47375462.4,0.002640056,0.040239144,0.915897787,7.481595039,47375457.63,5855,7598.039639,1.297701049,5855,2834390.316,484.0974067
325,300,2,76477170,0.003178434,0.046373438,0.901036441,7.494971275,76477161.52,9437,12400.28718,1.314007331,9437,4776321.216,506.127076
